Date,weekday,night_length,sunset_LT,twi_eve-10_LT,twi_eve-14_LT,twi_eve-18_LT,twi_mor-18_LT,twi_mor-14_LT,twi_mor-10_LT,sunrise_LT,half_night_LT,TJD,twi_eve_LST ,midnight_LST,twi_mor_LST,moonrise_LT,moonset_LT,moon_ilum,dfnm,RA_moon,DEC_moon,brightness1,brightness2
2088-01-01,Thu,06:43,20:58,21:39,22:02,22:26,05:09,05:33,05:56,06:37,01:48,43687.6,03:29,05:03,10:13,13:41,01:44,0.54,8,00:49,+08:45,G,D
2088-01-02,Fri,06:44,20:58,21:39,22:02,22:26,05:10,05:34,05:56,06:38,01:48,43688.6,03:33,05:07,10:18,14:43,02:26,0.65,9,01:44,+12:56,G,G
2088-01-03,Sat,06:44,20:58,21:39,22:02,22:26,05:10,05:34,05:57,06:39,01:48,43689.6,03:37,05:11,10:22,15:47,03:13,0.76,10,02:42,+16:31,B,G
2088-01-04,Sun,06:45,20:58,21:39,22:02,22:26,05:11,05:35,05:58,06:39,01:49,43690.6,03:41,05:15,10:27,16:53,04:06,0.85,11,03:43,+19:10,B,G
2088-01-05,Mon,06:46,20:58,21:40,22:02,22:26,05:12,05:36,05:59,06:40,01:49,43691.6,03:44,05:19,10:32,17:58,05:04,0.93,12,04:46,+20:35,B,B
2088-01-06,Tue,06:47,20:58,21:40,22:02,22:26,05:13,05:37,06:00,06:41,01:50,43692.6,03:48,05:23,10:37,19:01,06:08,0.98,13,05:51,+20:36,B,B
2088-01-07,Wed,06:48,20:58,21:40,22:02,22:26,05:14,05:38,06:01,06:42,01:50,43693.6,03:52,05:27,10:41,19:59,07:14,1.0,14,06:55,+19:12,B,B
2088-01-08,Thu,06:49,20:58,21:39,22:02,22:26,05:15,05:39,06:02,06:43,01:51,43694.6,03:56,05:31,10:46,20:52,08:21,0.99,15,07:56,+16:32,B,B
2088-01-09,Fri,06:50,20:58,21:39,22:02,22:26,05:16,05:40,06:02,06:43,01:51,43695.6,04:00,05:34,10:51,21:38,09:25,0.96,14,08:55,+12:56,B,B
2088-01-10,Sat,06:52,20:58,21:39,22:02,22:25,05:17,05:41,06:03,06:44,01:51,43696.6,04:03,05:38,10:56,22:20,10:27,0.9,13,09:50,+08:44,B,B
2088-01-11,Sun,06:53,20:58,21:39,22:02,22:25,05:18,05:42,06:04,06:45,01:52,43697.6,04:07,05:42,11:01,22:59,11:27,0.83,12,10:42,+04:15,G,B
2088-01-12,Mon,06:55,20:58,21:39,22:01,22:25,05:20,05:43,06:05,06:46,01:53,43698.6,04:11,05:46,11:07,23:35, ... ,0.74,11,11:31,+00:14,G,B
2088-01-13,Tue,06:57,20:58,21:39,22:01,22:24,05:21,05:44,06:06,06:47,01:53,43699.6,04:14,05:50,11:12,00:09,12:24,0.65,10,12:19,-04:31,G,G
2088-01-14,Wed,06:58,20:58,21:38,22:01,22:24,05:22,05:45,06:07,06:48,01:53,43700.6,04:18,05:54,11:17,00:44,13:20,0.55,9,13:06,-08:28,G,G
2088-01-15,Thu,06:59,20:58,21:38,22:00,22:24,05:23,05:46,06:08,06:49,01:54,43701.6,04:22,05:58,11:22,01:20,14:14,0.45,8,13:53,-11:57,D,G
2088-01-16,Fri,07:01,20:58,21:38,22:00,22:23,05:24,05:47,06:09,06:50,01:54,43702.6,04:25,06:02,11:27,01:57,15:08,0.36,7,14:41,-14:51,D,G
2088-01-17,Sat,07:02,20:57,21:38,22:00,22:23,05:25,05:48,06:10,06:50,01:54,43703.6,04:29,06:06,11:32,02:38,16:00,0.27,6,15:29,-17:05,D,G
2088-01-18,Sun,07:04,20:57,21:37,21:59,22:22,05:26,05:49,06:11,06:51,01:54,43704.6,04:32,06:10,11:37,03:21,16:52,0.19,5,16:18,-18:34,D,D
2088-01-19,Mon,07:05,20:57,21:37,21:59,22:22,05:27,05:50,06:12,06:52,01:55,43705.6,04:36,06:14,11:42,04:08,17:42,0.13,4,17:07,-19:14,D,D
2088-01-20,Tue,07:08,20:56,21:36,21:58,22:21,05:29,05:51,06:13,06:53,01:55,43706.6,04:39,06:18,11:48,04:58,18:30,0.07,3,17:58,-19:01,D,D
2088-01-21,Wed,07:10,20:56,21:36,21:58,22:20,05:30,05:52,06:14,06:54,01:55,43707.6,04:42,06:22,11:53,05:51,19:16,0.03,2,18:48,-17:55,D,D
2088-01-22,Thu,07:11,20:56,21:35,21:57,22:20,05:31,05:53,06:15,06:55,01:56,43708.6,04:45,06:26,11:58,06:46,19:59,0.01,1,19:38,-15:58,D,D
2088-01-23,Fri,07:13,20:55,21:35,21:57,22:19,05:32,05:55,06:16,06:56,01:56,43709.6,04:48,06:30,12:03,07:42,20:40,0.0,0,20:28,-13:13,D,D
2088-01-24,Sat,07:15,20:55,21:34,21:56,22:18,05:33,05:56,06:17,06:57,01:56,43710.6,04:51,06:34,12:08,08:39,21:18,0.02,1,21:18,-09:48,D,D
2088-01-25,Sun,07:16,20:54,21:34,21:55,22:18,05:34,05:57,06:18,06:58,01:56,43711.6,04:55,06:38,12:12,09:37,21:55,0.06,2,22:07,-05:50,D,D
2088-01-26,Mon,07:19,20:54,21:33,21:55,22:17,05:36,05:58,06:19,06:59,01:57,43712.6,04:58,06:42,12:18,10:36,22:31,0.12,3,22:56,-01:31,D,D
2088-01-27,Tue,07:21,20:53,21:33,21:54,22:16,05:37,05:59,06:20,07:00,01:57,43713.6,05:01,06:45,12:23,11:35,23:07,0.19,4,23:46,+02:59,D,D
2088-01-28,Wed,07:23,20:53,21:32,21:53,22:15,05:38,06:00,06:21,07:00,01:57,43714.6,05:04,06:49,12:28, ... ,23:45,0.28,5,00:37,+07:26,D,D
2088-01-29,Thu,07:25,20:52,21:31,21:53,22:14,05:39,06:01,06:22,07:01,01:57,43715.6,05:07,06:53,12:33,12:36,00:26,0.39,6,01:30,+11:38,G,D
2088-01-30,Fri,07:26,20:52,21:31,21:52,22:14,05:40,06:02,06:23,07:02,01:57,43716.6,05:11,06:57,12:38,13:38,01:10,0.5,7,02:26,+15:18,G,D
2088-01-31,Sat,07:29,20:51,21:30,21:51,22:13,05:42,06:03,06:24,07:03,01:58,43717.6,05:14,07:01,12:44,14:42,01:59,0.61,8,03:24,+18:10,G,D
2088-02-01,Sun,07:31,20:50,21:29,21:50,22:12,05:43,06:04,06:25,07:04,01:58,43718.6,05:17,07:05,12:49,15:45,02:53,0.72,9,04:24,+19:59,B,G
2088-02-02,Mon,07:33,20:50,21:28,21:49,22:11,05:44,06:05,06:26,07:05,01:58,43719.6,05:20,07:09,12:54,16:46,03:52,0.82,10,05:26,+20:34,B,G
2088-02-03,Tue,07:35,20:49,21:28,21:48,22:10,05:45,06:06,06:27,07:06,01:58,43720.6,05:23,07:13,12:59,17:45,04:55,0.9,11,06:28,+19:48,B,G
2088-02-04,Wed,07:37,20:48,21:27,21:48,22:09,05:46,06:08,06:28,07:07,01:58,43721.6,05:26,07:17,13:04,18:39,06:00,0.96,12,07:30,+17:46,B,B
2088-02-05,Thu,07:39,20:48,21:26,21:47,22:08,05:47,06:09,06:29,07:08,01:58,43722.6,05:29,07:21,13:09,19:27,07:04,0.99,13,08:29,+14:39,B,B
2088-02-06,Fri,07:41,20:47,21:25,21:46,22:07,05:48,06:10,06:30,07:08,01:58,43723.6,05:32,07:25,13:14,20:12,08:08,1.0,14,09:25,+10:44,B,B
2088-02-07,Sat,07:44,20:46,21:24,21:45,22:06,05:50,06:11,06:31,07:09,01:58,43724.6,05:35,07:29,13:20,20:52,09:09,0.98,14,10:19,+06:21,B,B
2088-02-08,Sun,07:46,20:45,21:23,21:44,22:05,05:51,06:12,06:32,07:10,01:58,43725.6,05:37,07:33,13:25,21:30,10:09,0.94,13,11:11,+01:48,B,B
2088-02-09,Mon,07:48,20:45,21:23,21:43,22:04,05:52,06:13,06:33,07:11,01:58,43726.6,05:40,07:37,13:30,22:06,11:06,0.88,12,12:00,-02:40,B,B
2088-02-10,Tue,07:50,20:44,21:22,21:42,22:03,05:53,06:14,06:34,07:12,01:58,43727.6,05:43,07:41,13:35,22:42, ... ,0.81,11,12:49,-06:51,G,B
2088-02-11,Wed,07:52,20:43,21:21,21:41,22:02,05:54,06:15,06:35,07:13,01:58,43728.6,05:46,07:45,13:40,23:18,12:02,0.72,10,13:37,-10:35,G,B
2088-02-12,Thu,07:54,20:42,21:20,21:40,22:01,05:55,06:16,06:36,07:14,01:58,43729.6,05:49,07:49,13:45,23:55,12:57,0.63,9,14:26,-13:45,G,G
2088-02-13,Fri,07:57,20:41,21:19,21:39,21:59,05:56,06:17,06:37,07:14,01:58,43730.6,05:51,07:52,13:49,00:34,13:51,0.54,8,15:14,-16:15,G,G
2088-02-14,Sat,07:59,20:40,21:18,21:38,21:58,05:57,06:18,06:38,07:15,01:58,43731.6,05:54,07:56,13:54,01:16,14:43,0.44,7,16:03,-17:60,D,G
2088-02-15,Sun,08:01,20:39,21:17,21:37,21:57,05:58,06:19,06:39,07:16,01:58,43732.6,05:57,08:00,13:59,02:02,15:34,0.35,6,16:52,-18:56,D,G
2088-02-16,Mon,08:03,20:38,21:16,21:36,21:56,05:59,06:20,06:40,07:17,01:58,43733.6,06:00,08:04,14:04,02:50,16:23,0.27,5,17:42,-19:01,D,G
2088-02-17,Tue,08:05,20:37,21:15,21:34,21:55,06:00,06:21,06:41,07:18,01:58,43734.6,06:03,08:08,14:09,03:41,17:09,0.19,4,18:33,-18:14,D,D
2088-02-18,Wed,08:07,20:36,21:14,21:33,21:54,06:01,06:22,06:41,07:19,01:58,43735.6,06:06,08:12,14:14,04:35,17:54,0.12,3,19:23,-16:36,D,D
2088-02-19,Thu,08:10,20:35,21:12,21:32,21:52,06:02,06:23,06:42,07:19,01:57,43736.6,06:08,08:16,14:19,05:31,18:35,0.06,2,20:13,-14:08,D,D
2088-02-20,Fri,08:12,20:34,21:11,21:31,21:51,06:03,06:23,06:43,07:20,01:57,43737.6,06:11,08:20,14:24,06:29,19:15,0.02,1,21:03,-10:56,D,D
2088-02-21,Sat,08:14,20:33,21:10,21:30,21:50,06:04,06:24,06:44,07:21,01:57,43738.6,06:14,08:24,14:29,07:27,19:53,0.0,0,21:53,-07:08,D,D
2088-02-22,Sun,08:16,20:32,21:09,21:29,21:49,06:05,06:25,06:45,07:22,01:57,43739.6,06:17,08:28,14:34,08:27,20:30,0.01,1,22:43,-02:53,D,D
2088-02-23,Mon,08:18,20:31,21:08,21:28,21:48,06:06,06:26,06:46,07:22,01:57,43740.6,06:20,08:32,14:39,09:27,21:07,0.03,2,23:34,+01:36,D,D
2088-02-24,Tue,08:21,20:30,21:07,21:26,21:46,06:07,06:27,06:47,07:23,01:57,43741.6,06:21,08:36,14:44,10:29,21:46,0.08,3,00:25,+06:07,D,D
2088-02-25,Wed,08:23,20:29,21:06,21:25,21:45,06:08,06:28,06:47,07:24,01:57,43742.6,06:24,08:40,14:49,11:32,22:26,0.16,4,01:18,+10:24,D,D
2088-02-26,Thu,08:25,20:28,21:05,21:24,21:44,06:09,06:29,06:48,07:25,01:57,43743.6,06:27,08:44,14:54, ... ,23:10,0.25,5,02:13,+14:12,D,D
2088-02-27,Fri,08:27,20:27,21:04,21:23,21:43,06:10,06:30,06:49,07:25,01:57,43744.6,06:30,08:48,14:59,12:35,23:57,0.35,6,03:10,+17:15,G,D
2088-02-28,Sat,08:30,20:26,21:02,21:22,21:41,06:11,06:30,06:50,07:26,01:56,43745.6,06:32,08:52,15:04,13:38,00:49,0.46,7,04:09,+19:18,G,D
2088-02-29,Sun,08:32,20:25,21:01,21:20,21:40,06:12,06:31,06:51,07:27,01:56,43746.6,06:35,08:56,15:09,14:39,01:46,0.57,8,05:09,+20:12,G,D
2088-03-01,Mon,08:34,20:24,21:00,21:19,21:39,06:13,06:32,06:51,07:28,01:56,43747.6,06:38,09:00,15:14,15:37,02:46,0.68,9,06:10,+19:51,G,G
2088-03-02,Tue,08:37,20:23,20:59,21:18,21:37,06:14,06:33,06:52,07:28,01:56,43748.6,06:40,09:03,15:18,16:31,03:48,0.78,10,07:10,+18:17,B,G
2088-03-03,Wed,08:38,20:22,20:58,21:17,21:36,06:14,06:34,06:53,07:29,01:55,43749.6,06:43,09:07,15:22,17:21,04:51,0.87,11,08:08,+15:39,B,G
2088-03-04,Thu,08:40,20:20,20:56,21:15,21:35,06:15,06:35,06:54,07:30,01:55,43750.6,06:46,09:11,15:27,18:05,05:53,0.93,12,09:04,+12:08,B,B
2088-03-05,Fri,08:42,20:19,20:55,21:14,21:34,06:16,06:35,06:54,07:30,01:55,43751.6,06:49,09:15,15:32,18:47,06:54,0.98,13,09:58,+08:02,B,B
2088-03-06,Sat,08:45,20:18,20:54,21:13,21:32,06:17,06:36,06:55,07:31,01:55,43752.6,06:51,09:19,15:37,19:25,07:54,1.0,14,10:50,+03:36,B,B
2088-03-07,Sun,08:47,20:17,20:53,21:12,21:31,06:18,06:37,06:56,07:32,01:55,43753.6,06:54,09:23,15:42,20:02,08:52,0.99,15,11:40,+00:53,B,B
2088-03-08,Mon,08:48,20:16,20:52,21:10,21:30,06:18,06:38,06:57,07:32,01:54,43754.6,06:57,09:27,15:46,20:38,09:49,0.97,14,12:30,-05:12,B,B
2088-03-09,Tue,08:51,20:15,20:50,21:09,21:28,06:19,06:38,06:57,07:33,01:54,43755.6,06:59,09:31,15:51,21:14,10:45,0.92,13,13:19,-09:08,B,B
2088-03-10,Wed,08:53,20:13,20:49,21:08,21:27,06:20,06:39,06:58,07:34,01:54,43756.6,07:02,09:35,15:56,21:51,11:40,0.86,12,14:08,-12:33,B,B
2088-03-11,Thu,08:55,20:12,20:48,21:07,21:26,06:21,06:40,06:59,07:34,01:54,43757.6,07:05,09:39,16:01,22:30, ... ,0.79,11,14:57,-15:20,G,B
2088-03-12,Fri,08:58,20:11,20:47,21:05,21:24,06:22,06:41,06:59,07:35,01:53,43758.6,07:06,09:43,16:06,23:12,12:33,0.71,10,15:47,-17:21,G,B
2088-03-13,Sat,08:59,20:10,20:45,21:04,21:23,06:22,06:41,07:00,07:36,01:53,43759.6,07:09,09:47,16:10,23:56,13:25,0.62,9,16:36,-18:35,G,G
2088-03-14,Sun,09:01,20:09,20:44,21:03,21:22,06:23,06:42,07:01,07:36,01:53,43760.6,07:12,09:51,16:15,00:42,14:14,0.53,8,17:26,-18:58,D,G
2088-03-15,Mon,09:03,20:07,20:43,21:02,21:21,06:24,06:43,07:01,07:37,01:53,43761.6,07:15,09:55,16:20,01:32,15:02,0.43,7,18:16,-18:29,D,G
2088-03-16,Tue,09:05,20:06,20:42,21:00,21:19,06:24,06:43,07:02,07:38,01:52,43762.6,07:17,09:59,16:24,02:24,15:46,0.34,6,19:06,-17:09,D,G
2088-03-17,Wed,09:07,20:05,20:40,20:59,21:18,06:25,06:44,07:03,07:38,01:52,43763.6,07:20,10:03,16:29,03:19,16:29,0.25,5,19:56,-15:00,D,G
2088-03-18,Thu,09:09,20:04,20:39,20:58,21:17,06:26,06:45,07:03,07:39,01:52,43764.6,07:23,10:07,16:34,04:15,17:09,0.17,4,20:46,-12:06,D,D
2088-03-19,Fri,09:12,20:03,20:38,20:57,21:15,06:27,06:45,07:04,07:39,01:51,43765.6,07:25,10:10,16:39,05:13,17:47,0.1,3,21:35,-08:33,D,D
2088-03-20,Sat,09:13,20:01,20:37,20:55,21:14,06:27,06:46,07:05,07:40,01:51,43766.6,07:28,10:14,16:42,06:12,18:25,0.04,2,22:25,-04:29,D,D
2088-03-21,Sun,09:15,20:00,20:36,20:54,21:13,06:28,06:47,07:05,07:41,01:51,43767.6,07:31,10:18,16:47,07:13,19:03,0.01,1,23:16,+00:04,D,D
2088-03-22,Mon,09:17,19:59,20:34,20:53,21:12,06:29,06:47,07:06,07:41,01:51,43768.6,07:34,10:22,16:52,08:15,19:41,0.0,0,00:08,+04:29,D,D
2088-03-23,Tue,09:19,19:58,20:33,20:52,21:10,06:29,06:48,07:06,07:42,01:50,43769.6,07:36,10:26,16:56,09:19,20:22,0.02,1,01:02,+08:55,D,D
2088-03-24,Wed,09:21,19:56,20:32,20:50,21:09,06:30,06:49,07:07,07:43,01:50,43770.6,07:39,10:30,17:01,10:24,21:06,0.06,2,01:57,+12:56,D,D
2088-03-25,Thu,09:23,19:55,20:31,20:49,21:08,06:31,06:49,07:08,07:43,01:50,43771.6,07:42,10:34,17:06,11:29,21:53,0.13,3,02:55,+16:15,D,D
2088-03-26,Fri,09:24,19:54,20:29,20:48,21:07,06:31,06:50,07:08,07:44,01:49,43772.6,07:45,10:38,17:10, ... ,22:45,0.21,4,03:54,+18:36,D,D
2088-03-27,Sat,09:27,19:53,20:28,20:47,21:05,06:32,06:50,07:09,07:44,01:49,43773.6,07:47,10:42,17:15,12:33,23:41,0.32,5,04:55,+19:48,G,D
2088-03-28,Sun,09:28,19:52,20:27,20:46,21:04,06:32,06:51,07:10,07:45,01:48,43774.6,07:49,10:46,17:19,13:33,00:41,0.43,6,05:55,+19:45,G,D
2088-03-29,Mon,09:30,19:50,20:26,20:44,21:03,06:33,06:52,07:10,07:46,01:48,43775.6,07:52,10:50,17:24,14:28,01:42,0.54,7,06:55,+18:29,G,D
2088-03-30,Tue,09:32,19:49,20:25,20:43,21:02,06:34,06:52,07:11,07:46,01:48,43776.6,07:55,10:54,17:29,15:18,02:44,0.65,8,07:53,+16:09,G,G
2088-03-31,Wed,09:33,19:48,20:24,20:42,21:01,06:34,06:53,07:11,07:47,01:48,43777.6,07:58,10:58,17:33,16:03,03:45,0.75,9,08:48,+12:56,B,G
2088-04-01,Thu,09:36,19:47,20:22,20:41,20:59,06:35,06:53,07:12,07:47,01:47,43778.6,08:00,11:02,17:38,16:45,04:45,0.84,10,09:42,+09:06,B,G
2088-04-02,Fri,09:37,19:46,20:21,20:40,20:58,06:35,06:54,07:13,07:48,01:47,43779.6,08:03,11:06,17:42,17:23,05:44,0.91,11,10:33,+04:52,B,B
2088-04-03,Sat,09:39,19:45,20:20,20:39,20:57,06:36,06:55,07:13,07:49,01:47,43780.6,08:06,11:10,17:47,18:00,06:42,0.96,12,11:23,+00:29,B,B
2088-04-04,Sun,09:41,19:43,20:19,20:37,20:56,06:37,06:55,07:14,07:49,01:47,43781.6,08:09,11:14,17:52,18:36,07:38,0.99,13,12:13,-03:50,B,B
2088-04-05,Mon,09:42,19:42,20:18,20:36,20:55,06:37,06:56,07:14,07:50,01:46,43782.6,08:12,11:17,17:56,19:11,08:34,1.0,14,13:02,-07:52,B,B
2088-04-06,Tue,09:44,19:41,20:17,20:35,20:54,06:38,06:56,07:15,07:50,01:46,43783.6,08:15,11:21,18:01,19:48,09:29,0.99,14,13:51,-11:28,B,B
2088-04-07,Wed,09:46,19:40,20:15,20:34,20:52,06:38,06:57,07:15,07:51,01:45,43784.6,08:17,11:25,18:04,20:27,10:23,0.96,13,14:40,-14:29,B,B
2088-04-08,Thu,09:48,19:39,20:14,20:33,20:51,06:39,06:57,07:16,07:52,01:45,43785.6,08:20,11:29,18:09,21:07,11:16,0.91,12,15:30,-16:47,B,B
2088-04-09,Fri,09:50,19:38,20:13,20:32,20:50,06:40,06:58,07:17,07:52,01:45,43786.6,08:23,11:33,18:14,21:50, ... ,0.85,11,16:20,-18:17,G,B
2088-04-10,Sat,09:51,19:37,20:12,20:31,20:49,06:40,06:59,07:17,07:53,01:45,43787.6,08:26,11:37,18:18,22:36,12:07,0.78,10,17:10,-18:56,G,B
2088-04-11,Sun,09:53,19:35,20:11,20:30,20:48,06:41,06:59,07:18,07:53,01:45,43788.6,08:29,11:41,18:23,23:24,12:55,0.69,9,18:00,-18:43,G,G
2088-04-12,Mon,09:54,19:34,20:10,20:29,20:47,06:41,07:00,07:18,07:54,01:44,43789.6,08:32,11:45,18:27,00:15,13:40,0.6,8,18:50,-17:40,G,G
2088-04-13,Tue,09:56,19:33,20:09,20:27,20:46,06:42,07:00,07:19,07:55,01:44,43790.6,08:34,11:49,18:32,01:08,14:23,0.51,7,19:40,-15:48,D,G
2088-04-14,Wed,09:57,19:32,20:08,20:26,20:45,06:42,07:01,07:19,07:55,01:44,43791.6,08:37,11:53,18:36,02:02,15:03,0.41,6,20:29,-13:12,D,G
2088-04-15,Thu,09:59,19:31,20:07,20:25,20:44,06:43,07:01,07:20,07:56,01:44,43792.6,08:40,11:57,18:41,02:58,15:42,0.31,5,21:18,-09:56,D,G
2088-04-16,Fri,10:00,19:30,20:06,20:24,20:43,06:43,07:02,07:21,07:56,01:43,43793.6,08:43,12:01,18:45,03:55,16:19,0.22,4,22:07,-06:07,D,D
2088-04-17,Sat,10:02,19:29,20:05,20:23,20:42,06:44,07:03,07:21,07:57,01:43,43794.6,08:46,12:05,18:50,04:55,16:56,0.14,3,22:57,-01:52,D,D
2088-04-18,Sun,10:03,19:28,20:04,20:22,20:41,06:44,07:03,07:22,07:58,01:43,43795.6,08:49,12:09,18:54,05:56,17:34,0.07,2,23:48,+02:36,D,D
2088-04-19,Mon,10:05,19:27,20:03,20:21,20:40,06:45,07:04,07:22,07:58,01:43,43796.6,08:52,12:13,18:59,07:00,18:14,0.02,1,00:41,+07:06,D,D
2088-04-20,Tue,10:07,19:26,20:02,20:21,20:39,06:46,07:04,07:23,07:59,01:43,43797.6,08:55,12:17,19:04,08:06,18:56,0.0,0,01:36,+11:20,D,D
2088-04-21,Wed,10:08,19:25,20:01,20:20,20:38,06:46,07:05,07:23,08:00,01:42,43798.6,08:58,12:21,19:08,09:13,19:43,0.01,1,02:34,+14:59,D,D
2088-04-22,Thu,10:10,19:24,20:00,20:19,20:37,06:47,07:05,07:24,08:00,01:42,43799.6,09:01,12:25,19:13,10:19,20:34,0.04,2,03:34,+17:45,D,D
2088-04-23,Fri,10:11,19:23,19:59,20:18,20:36,06:47,07:06,07:25,08:01,01:42,43800.6,09:04,12:28,19:17,11:23,21:31,0.1,3,04:36,+19:22,D,D
2088-04-24,Sat,10:12,19:22,19:58,20:17,20:36,06:48,07:06,07:25,08:01,01:42,43801.6,09:08,12:32,19:22, ... ,22:31,0.19,4,05:38,+19:42,D,D
2088-04-25,Sun,10:13,19:21,19:57,20:16,20:35,06:48,07:07,07:26,08:02,01:42,43802.6,09:11,12:36,19:25,12:22,23:34,0.29,5,06:39,+18:44,G,D
2088-04-26,Mon,10:15,19:20,19:56,20:15,20:34,06:49,07:07,07:26,08:03,01:42,43803.6,09:14,12:40,19:30,13:15,00:37,0.4,6,07:38,+16:38,G,D
2088-04-27,Tue,10:16,19:19,19:56,20:14,20:33,06:49,07:08,07:27,08:03,01:41,43804.6,09:17,12:44,19:34,14:02,01:39,0.51,7,08:35,+13:37,G,D
2088-04-28,Wed,10:18,19:18,19:55,20:14,20:32,06:50,07:09,07:27,08:04,01:41,43805.6,09:20,12:48,19:39,14:45,02:40,0.62,8,09:28,+09:55,G,G
2088-04-29,Thu,10:19,19:17,19:54,20:13,20:31,06:50,07:09,07:28,08:04,01:41,43806.6,09:23,12:52,19:43,15:24,03:39,0.72,9,10:20,+05:48,B,G
2088-04-30,Fri,10:20,19:17,19:53,20:12,20:31,06:51,07:10,07:29,08:05,01:41,43807.6,09:26,12:56,19:48,16:01,04:36,0.81,10,11:10,+01:31,B,G
2088-05-01,Sat,10:21,19:16,19:52,20:11,20:30,06:51,07:10,07:29,08:06,01:41,43808.6,09:29,13:00,19:52,16:37,05:32,0.88,11,11:58,-02:46,B,G
2088-05-02,Sun,10:23,19:15,19:52,20:10,20:29,06:52,07:11,07:30,08:06,01:41,43809.6,09:32,13:04,19:57,17:12,06:27,0.94,12,12:47,-06:51,B,B
2088-05-03,Mon,10:24,19:14,19:51,20:10,20:29,06:53,07:11,07:30,08:07,01:41,43810.6,09:36,13:08,20:02,17:48,07:22,0.98,13,13:36,-10:33,B,B
2088-05-04,Tue,10:25,19:13,19:50,20:09,20:28,06:53,07:12,07:31,08:08,01:41,43811.6,09:39,13:12,20:06,18:25,08:16,1.0,14,14:25,-13:44,B,B
2088-05-05,Wed,10:27,19:13,19:49,20:08,20:27,06:54,07:12,07:31,08:08,01:41,43812.6,09:42,13:16,20:11,19:04,09:09,1.0,15,15:14,-16:16,B,B
2088-05-06,Thu,10:27,19:12,19:49,20:08,20:27,06:54,07:13,07:32,08:09,01:41,43813.6,09:46,13:20,20:15,19:46,10:01,0.98,14,16:04,-18:01,B,B
2088-05-07,Fri,10:29,19:11,19:48,20:07,20:26,06:55,07:13,07:32,08:09,01:41,43814.6,09:49,13:24,20:20,20:31,10:50,0.95,13,16:55,-18:56,B,B
2088-05-08,Sat,10:30,19:10,19:47,20:06,20:25,06:55,07:14,07:33,08:10,01:40,43815.6,09:52,13:28,20:24,21:19,11:37,0.9,12,17:45,-18:59,B,B
2088-05-09,Sun,10:31,19:10,19:47,20:06,20:25,06:56,07:15,07:34,08:11,01:41,43816.6,09:56,13:32,20:29,22:09, ... ,0.83,11,18:36,-18:11,G,B
2088-05-10,Mon,10:32,19:09,19:46,20:05,20:24,06:56,07:15,07:34,08:11,01:40,43817.6,09:59,13:35,20:33,23:00,12:20,0.75,10,19:25,-16:33,G,B
2088-05-11,Tue,10:33,19:08,19:46,20:05,20:24,06:57,07:16,07:35,08:12,01:41,43818.6,10:03,13:39,20:38,23:53,13:01,0.67,9,20:14,-14:11,G,G
2088-05-12,Wed,10:34,19:08,19:45,20:04,20:23,06:57,07:16,07:35,08:13,01:40,43819.6,10:06,13:43,20:42,00:47,13:39,0.57,8,21:02,-11:09,D,G
2088-05-13,Thu,10:35,19:07,19:44,20:04,20:23,06:58,07:17,07:36,08:13,01:41,43820.6,10:10,13:47,20:46,01:43,14:16,0.47,7,21:51,-07:34,D,G
2088-05-14,Fri,10:36,19:07,19:44,20:03,20:22,06:58,07:17,07:36,08:14,01:40,43821.6,10:13,13:51,20:50,02:40,14:52,0.37,6,22:39,-03:33,D,G
2088-05-15,Sat,10:37,19:06,19:43,20:03,20:22,06:59,07:18,07:37,08:14,01:41,43822.6,10:17,13:55,20:55,03:38,15:28,0.27,5,23:29,+00:47,D,G
2088-05-16,Sun,10:38,19:06,19:43,20:02,20:21,06:59,07:18,07:37,08:15,01:40,43823.6,10:20,13:59,20:59,04:40,16:06,0.18,4,00:20,+05:12,D,D
2088-05-17,Mon,10:39,19:05,19:43,20:02,20:21,07:00,07:19,07:38,08:16,01:41,43824.6,10:23,14:03,21:04,05:43,16:46,0.1,3,01:13,+09:31,D,D
2088-05-18,Tue,10:40,19:05,19:42,20:01,20:20,07:00,07:19,07:39,08:16,01:40,43825.6,10:26,14:07,21:08,06:50,17:30,0.04,2,02:10,+13:26,D,D
2088-05-19,Wed,10:41,19:04,19:42,20:01,20:20,07:01,07:20,07:39,08:17,01:41,43826.6,10:30,14:11,21:13,07:57,18:19,0.01,1,03:09,+16:37,D,D
2088-05-20,Thu,10:41,19:04,19:41,20:01,20:20,07:01,07:20,07:40,08:17,01:41,43827.6,10:34,14:15,21:17,09:04,19:14,0.0,0,04:11,+18:46,D,D
2088-05-21,Fri,10:43,19:03,19:41,20:00,20:19,07:02,07:21,07:40,08:18,01:41,43828.6,10:37,14:19,21:22,10:07,20:14,0.03,1,05:14,+19:39,D,D
2088-05-22,Sat,10:43,19:03,19:41,20:00,20:19,07:02,07:21,07:41,08:19,01:41,43829.6,10:41,14:23,21:26,11:05,21:18,0.08,2,06:17,+19:09,D,D
2088-05-23,Sun,10:44,19:02,19:40,20:00,20:19,07:03,07:22,07:41,08:19,01:41,43830.6,10:45,14:27,21:31,11:57,22:23,0.16,3,07:19,+17:23,D,D
2088-05-24,Mon,10:45,19:02,19:40,19:59,20:18,07:03,07:22,07:42,08:20,01:41,43831.6,10:48,14:31,21:35, ... ,23:29,0.26,4,08:18,+14:34,G,D
2088-05-25,Tue,10:46,19:02,19:40,19:59,20:18,07:04,07:23,07:42,08:20,01:41,43832.6,10:52,14:35,21:40,12:43,00:32,0.36,5,09:13,+10:58,G,D
2088-05-26,Wed,10:46,19:01,19:39,19:59,20:18,07:04,07:23,07:43,08:21,01:41,43833.6,10:56,14:39,21:44,13:25,01:32,0.47,6,10:06,+06:54,G,D
2088-05-27,Thu,10:47,19:01,19:39,19:59,20:18,07:05,07:24,07:43,08:21,01:42,43834.6,11:00,14:43,21:49,14:03,02:31,0.58,7,10:57,+02:35,G,D
2088-05-28,Fri,10:47,19:01,19:39,19:58,20:18,07:05,07:24,07:44,08:22,01:42,43835.6,11:04,14:46,21:53,14:39,03:27,0.68,8,11:46,-01:43,G,G
2088-05-29,Sat,10:48,19:01,19:39,19:58,20:17,07:05,07:25,07:44,08:22,01:41,43836.6,11:07,14:50,21:57,15:14,04:23,0.77,9,12:34,-05:51,B,G
2088-05-30,Sun,10:49,19:00,19:39,19:58,20:17,07:06,07:25,07:45,08:23,01:42,43837.6,11:11,14:54,22:01,15:49,05:18,0.85,10,13:22,-09:40,B,G
2088-05-31,Mon,10:49,19:00,19:38,19:58,20:17,07:06,07:26,07:45,08:23,01:42,43838.6,11:15,14:58,22:05,16:25,06:12,0.91,11,14:11,-12:59,B,B
2088-06-01,Tue,10:50,19:00,19:38,19:58,20:17,07:07,07:26,07:46,08:24,01:42,43839.6,11:19,15:02,22:10,17:04,07:05,0.96,12,15:00,-15:42,B,B
2088-06-02,Wed,10:50,19:00,19:38,19:58,20:17,07:07,07:26,07:46,08:24,01:42,43840.6,11:23,15:06,22:14,17:45,07:57,0.99,13,15:50,-17:42,B,B
2088-06-03,Thu,10:51,19:00,19:38,19:58,20:17,07:08,07:27,07:46,08:25,01:43,43841.6,11:26,15:10,22:19,18:28,08:47,1.0,14,16:41,-18:53,B,B
2088-06-04,Fri,10:51,19:00,19:38,19:58,20:17,07:08,07:27,07:47,08:25,01:43,43842.6,11:30,15:14,22:23,19:15,09:34,0.99,14,17:31,-19:12,B,B
2088-06-05,Sat,10:51,18:59,19:38,19:57,20:17,07:08,07:28,07:47,08:26,01:43,43843.6,11:34,15:18,22:27,20:04,10:19,0.97,13,18:22,-18:39,B,B
2088-06-06,Sun,10:52,18:59,19:38,19:57,20:17,07:09,07:28,07:48,08:26,01:43,43844.6,11:38,15:22,22:32,20:55,11:00,0.93,12,19:12,-17:15,B,B
2088-06-07,Mon,10:52,18:59,19:38,19:57,20:17,07:09,07:28,07:48,08:27,01:43,43845.6,11:42,15:26,22:36,21:48,11:39,0.87,11,20:01,-15:04,G,B
2088-06-08,Tue,10:52,18:59,19:38,19:57,20:17,07:09,07:29,07:49,08:27,01:43,43846.6,11:46,15:30,22:40,22:41, ... ,0.8,10,20:50,-12:13,G,B
2088-06-09,Wed,10:53,18:59,19:38,19:57,20:17,07:10,07:29,07:49,08:27,01:44,43847.6,11:50,15:34,22:45,23:35,12:16,0.72,9,21:38,-08:48,G,B
2088-06-10,Thu,10:53,18:59,19:38,19:58,20:17,07:10,07:30,07:49,08:28,01:44,43848.6,11:54,15:38,22:49,00:31,12:52,0.63,8,22:25,-04:56,G,G
2088-06-11,Fri,10:53,18:59,19:38,19:58,20:17,07:10,07:30,07:50,08:28,01:44,43849.6,11:58,15:42,22:53,01:27,13:27,0.53,7,23:14,+00:46,D,G
2088-06-12,Sat,10:54,18:59,19:38,19:58,20:17,07:11,07:30,07:50,08:29,01:44,43850.6,12:02,15:46,22:58,02:25,14:03,0.42,6,00:03,+03:33,D,G
2088-06-13,Sun,10:54,19:00,19:38,19:58,20:17,07:11,07:31,07:50,08:29,01:44,43851.6,12:06,15:50,23:02,03:26,14:40,0.31,5,00:54,+07:49,D,G
2088-06-14,Mon,10:54,19:00,19:38,19:58,20:17,07:11,07:31,07:51,08:29,01:44,43852.6,12:10,15:53,23:06,04:29,15:21,0.21,4,01:48,+11:50,D,D
2088-06-15,Tue,10:54,19:00,19:38,19:58,20:18,07:12,07:31,07:51,08:29,01:45,43853.6,12:15,15:57,23:11,05:35,16:06,0.13,3,02:45,+15:18,D,D
2088-06-16,Wed,10:54,19:00,19:39,19:58,20:18,07:12,07:31,07:51,08:30,01:45,43854.6,12:19,16:01,23:15,06:41,16:57,0.06,2,03:45,+17:54,D,D
2088-06-17,Thu,10:54,19:00,19:39,19:58,20:18,07:12,07:32,07:51,08:30,01:45,43855.6,12:23,16:05,23:18,07:47,17:53,0.01,1,04:47,+19:22,D,D
2088-06-18,Fri,10:54,19:00,19:39,19:59,20:18,07:12,07:32,07:52,08:30,01:45,43856.6,12:27,16:09,23:22,08:48,18:56,0.0,0,05:51,+19:30,D,D
2088-06-19,Sat,10:55,19:00,19:39,19:59,20:18,07:13,07:32,07:52,08:31,01:46,43857.6,12:31,16:13,23:27,09:45,20:02,0.02,1,06:54,+18:16,D,D
2088-06-20,Sun,10:54,19:01,19:39,19:59,20:19,07:13,07:32,07:52,08:31,01:46,43858.6,12:36,16:17,23:31,10:35,21:09,0.06,2,07:55,+15:49,D,D
2088-06-21,Mon,10:54,19:01,19:40,19:59,20:19,07:13,07:33,07:52,08:31,01:46,43859.6,12:39,16:21,23:35,11:20,22:16,0.13,3,08:54,+12:26,D,D
2088-06-22,Tue,10:54,19:01,19:40,20:00,20:19,07:13,07:33,07:52,08:31,01:46,43860.6,12:43,16:25,23:39, ... ,23:20,0.22,4,09:49,+08:24,D,D
2088-06-23,Wed,10:54,19:01,19:40,20:00,20:19,07:13,07:33,07:53,08:31,01:46,43861.6,12:47,16:29,23:43,12:01,00:21,0.32,5,10:41,+04:04,G,D
2088-06-24,Thu,10:54,19:02,19:40,20:00,20:20,07:14,07:33,07:53,08:31,01:47,43862.6,12:52,16:33,23:48,12:39,01:20,0.43,6,11:32,+00:21,G,D
2088-06-25,Fri,10:54,19:02,19:41,20:00,20:20,07:14,07:33,07:53,08:31,01:47,43863.6,12:56,16:37,23:52,13:15,02:17,0.53,7,12:21,-04:36,G,D
2088-06-26,Sat,10:54,19:02,19:41,20:01,20:20,07:14,07:33,07:53,08:32,01:47,43864.6,13:00,16:41,23:56,13:51,03:12,0.63,8,13:09,-08:33,G,G
2088-06-27,Sun,10:54,19:03,19:41,20:01,20:20,07:14,07:33,07:53,08:32,01:47,43865.6,13:04,16:45,00:00,14:27,04:07,0.72,9,13:58,-12:02,B,G
2088-06-28,Mon,10:53,19:03,19:42,20:01,20:21,07:14,07:33,07:53,08:32,01:48,43866.6,13:09,16:49,00:04,15:04,05:00,0.8,10,14:47,-14:57,B,G
2088-06-29,Tue,10:53,19:03,19:42,20:02,20:21,07:14,07:33,07:53,08:32,01:48,43867.6,13:13,16:53,00:08,15:44,05:52,0.87,11,15:36,-17:10,B,G
2088-06-30,Wed,10:53,19:04,19:42,20:02,20:21,07:14,07:33,07:53,08:32,01:48,43868.6,13:17,16:57,00:12,16:27,06:43,0.93,12,16:26,-18:37,B,B
2088-07-01,Thu,10:52,19:04,19:43,20:02,20:22,07:14,07:33,07:53,08:32,01:48,43869.6,13:22,17:00,00:16,17:12,07:31,0.97,13,17:17,-19:13,B,B
2088-07-02,Fri,10:52,19:05,19:43,20:03,20:22,07:14,07:33,07:53,08:32,01:48,43870.6,13:26,17:04,00:20,18:00,08:17,0.99,14,18:08,-18:57,B,B
2088-07-03,Sat,10:52,19:05,19:43,20:03,20:22,07:14,07:33,07:53,08:31,01:48,43871.6,13:30,17:08,00:24,18:51,09:00,1.0,14,18:58,-17:48,B,B
2088-07-04,Sun,10:51,19:05,19:44,20:03,20:23,07:14,07:33,07:53,08:31,01:49,43872.6,13:35,17:12,00:28,19:43,09:40,0.99,13,19:48,-15:51,B,B
2088-07-05,Mon,10:51,19:06,19:44,20:04,20:23,07:14,07:33,07:53,08:31,01:49,43873.6,13:39,17:16,00:31,20:37,10:18,0.96,12,20:38,-13:10,B,B
2088-07-06,Tue,10:50,19:06,19:45,20:04,20:24,07:14,07:33,07:53,08:31,01:49,43874.6,13:44,17:20,00:35,21:31,10:54,0.91,11,21:26,-09:53,B,B
2088-07-07,Wed,10:50,19:07,19:45,20:05,20:24,07:14,07:33,07:53,08:31,01:49,43875.6,13:48,17:24,00:39,22:26,11:29,0.84,10,22:14,-06:07,G,B
2088-07-08,Thu,10:50,19:07,19:46,20:05,20:24,07:14,07:33,07:53,08:31,01:49,43876.6,13:51,17:28,00:43,23:21, ... ,0.76,9,23:02,-02:02,G,B
2088-07-09,Fri,10:49,19:08,19:46,20:05,20:25,07:14,07:33,07:52,08:31,01:50,43877.6,13:56,17:32,00:47,00:18,12:04,0.67,8,23:51,+02:12,G,G
2088-07-10,Sat,10:48,19:08,19:46,20:06,20:25,07:13,07:33,07:52,08:30,01:49,43878.6,14:00,17:36,00:50,01:16,12:40,0.57,7,00:40,+06:27,D,G
2088-07-11,Sun,10:47,19:09,19:47,20:06,20:26,07:13,07:32,07:52,08:30,01:50,43879.6,14:05,17:40,00:54,02:16,13:19,0.46,6,01:32,+10:28,D,G
2088-07-12,Mon,10:47,19:09,19:47,20:07,20:26,07:13,07:32,07:52,08:30,01:50,43880.6,14:09,17:44,00:58,03:18,14:00,0.35,5,02:26,+14:03,D,G
2088-07-13,Tue,10:47,19:10,19:48,20:07,20:26,07:13,07:32,07:51,08:29,01:50,43881.6,14:13,17:48,01:02,04:22,14:47,0.24,4,03:23,+16:55,D,D
2088-07-14,Wed,10:46,19:10,19:48,20:08,20:27,07:13,07:32,07:51,08:29,01:50,43882.6,14:18,17:52,01:06,05:27,15:38,0.15,3,04:23,+18:49,D,D
2088-07-15,Thu,10:45,19:11,19:49,20:08,20:27,07:12,07:31,07:51,08:29,01:50,43883.6,14:22,17:56,01:09,06:29,16:36,0.08,2,05:25,+19:31,D,D
2088-07-16,Fri,10:44,19:11,19:49,20:09,20:28,07:12,07:31,07:51,08:28,01:50,43884.6,14:27,18:00,01:13,07:28,17:40,0.02,1,06:28,+18:55,D,D
2088-07-17,Sat,10:44,19:12,19:50,20:09,20:28,07:12,07:31,07:50,08:28,01:50,43885.6,14:31,18:04,01:17,08:22,18:46,0.0,0,07:30,+17:01,D,D
2088-07-18,Sun,10:42,19:12,19:50,20:10,20:29,07:11,07:30,07:50,08:28,01:50,43886.6,14:36,18:08,01:20,09:11,19:54,0.01,1,08:30,+14:01,D,D
2088-07-19,Mon,10:42,19:13,19:51,20:10,20:29,07:11,07:30,07:49,08:27,01:50,43887.6,14:40,18:11,01:24,09:55,21:00,0.05,2,09:27,+10:13,D,D
2088-07-20,Tue,10:41,19:13,19:51,20:10,20:30,07:11,07:30,07:49,08:27,01:51,43888.6,14:45,18:15,01:28,10:35,22:05,0.11,3,10:22,+05:55,D,D
2088-07-21,Wed,10:40,19:14,19:52,20:11,20:30,07:10,07:29,07:49,08:26,01:50,43889.6,14:49,18:19,01:31,11:13,23:06,0.18,4,11:14,+01:27,D,D
2088-07-22,Thu,10:39,19:15,19:52,20:11,20:31,07:10,07:29,07:48,08:26,01:51,43890.6,14:54,18:23,01:34,11:50,00:06,0.28,5,12:05,-02:58,G,D
2088-07-23,Fri,10:38,19:15,19:53,20:12,20:31,07:09,07:28,07:48,08:25,01:50,43891.6,14:58,18:27,01:37, ... ,01:03,0.37,6,12:54,-07:05,G,D
2088-07-24,Sat,10:38,19:16,19:53,20:12,20:31,07:09,07:28,07:47,08:25,01:50,43892.6,15:02,18:31,01:41,12:26,01:59,0.47,7,13:43,-10:47,G,D
2088-07-25,Sun,10:36,19:16,19:54,20:13,20:32,07:08,07:27,07:47,08:24,01:50,43893.6,15:07,18:35,01:44,13:04,02:54,0.57,8,14:32,-13:55,G,D
2088-07-26,Mon,10:36,19:17,19:54,20:13,20:32,07:08,07:27,07:46,08:23,01:50,43894.6,15:10,18:39,01:48,13:43,03:47,0.66,9,15:22,-16:22,G,G
2088-07-27,Tue,10:34,19:17,19:55,20:14,20:33,07:07,07:26,07:45,08:23,01:50,43895.6,15:15,18:43,01:51,14:25,04:38,0.75,10,16:12,-18:05,B,G
2088-07-28,Wed,10:34,19:18,19:55,20:14,20:33,07:07,07:26,07:45,08:22,01:50,43896.6,15:19,18:47,01:55,15:09,05:27,0.83,11,17:02,-18:58,B,G
2088-07-29,Thu,10:32,19:19,19:56,20:15,20:34,07:06,07:25,07:44,08:21,01:50,43897.6,15:24,18:51,01:58,15:56,06:14,0.89,12,17:53,-18:60,B,B
2088-07-30,Fri,10:32,19:19,19:56,20:15,20:34,07:06,07:25,07:44,08:21,01:50,43898.6,15:28,18:55,02:02,16:46,06:58,0.94,13,18:43,-18:09,B,B
2088-07-31,Sat,10:30,19:20,19:57,20:16,20:35,07:05,07:24,07:43,08:20,01:50,43899.6,15:33,18:59,02:05,17:38,07:40,0.98,14,19:34,-16:28,B,B
2088-08-01,Sun,10:29,19:20,19:57,20:16,20:35,07:04,07:23,07:42,08:19,01:50,43900.6,15:37,19:03,02:08,18:31,08:19,1.0,15,20:24,-14:00,B,B
2088-08-02,Mon,10:28,19:21,19:58,20:17,20:36,07:04,07:23,07:42,08:18,01:50,43901.6,15:42,19:07,02:12,19:26,08:56,1.0,14,21:13,-10:53,B,B
2088-08-03,Tue,10:27,19:21,19:58,20:17,20:36,07:03,07:22,07:41,08:18,01:50,43902.6,15:46,19:11,02:15,20:21,09:32,0.97,13,22:02,-07:13,B,B
2088-08-04,Wed,10:25,19:22,19:59,20:18,20:37,07:02,07:21,07:40,08:17,01:50,43903.6,15:51,19:15,02:18,21:16,10:07,0.93,12,22:51,-03:11,B,B
2088-08-05,Thu,10:25,19:23,19:59,20:18,20:37,07:02,07:20,07:39,08:16,01:50,43904.6,15:55,19:18,02:22,22:13,10:43,0.88,11,23:39,+01:03,G,B
2088-08-06,Fri,10:23,19:23,20:00,20:19,20:38,07:01,07:20,07:39,08:15,01:50,43905.6,16:00,19:22,02:25,23:10,11:20,0.8,10,00:29,+05:19,G,B
2088-08-07,Sat,10:22,19:24,20:00,20:19,20:38,07:00,07:19,07:38,08:14,01:49,43906.6,16:04,19:26,02:28,00:09, ... ,0.71,9,01:20,+09:23,G,B
2088-08-08,Sun,10:21,19:24,20:01,20:20,20:38,06:59,07:18,07:37,08:14,01:49,43907.6,16:08,19:30,02:30,01:10,12:00,0.6,8,02:13,+13:02,D,G
2088-08-09,Mon,10:20,19:25,20:01,20:20,20:39,06:59,07:17,07:36,08:13,01:49,43908.6,16:13,19:34,02:34,02:12,12:44,0.49,7,03:09,+16:04,D,G
2088-08-10,Tue,10:19,19:25,20:02,20:21,20:39,06:58,07:17,07:35,08:12,01:49,43909.6,16:17,19:38,02:37,03:14,13:32,0.38,6,04:06,+18:13,D,G
2088-08-11,Wed,10:17,19:26,20:02,20:21,20:40,06:57,07:16,07:34,08:11,01:49,43910.6,16:22,19:42,02:40,04:15,14:26,0.27,5,05:06,+19:18,D,D
2088-08-12,Thu,10:16,19:27,20:03,20:22,20:40,06:56,07:15,07:34,08:10,01:48,43911.6,16:26,19:46,02:43,05:14,15:25,0.17,4,06:07,+19:10,D,D
2088-08-13,Fri,10:14,19:27,20:03,20:22,20:41,06:55,07:14,07:33,08:09,01:48,43912.6,16:30,19:50,02:46,06:09,16:28,0.09,3,07:08,+17:48,D,D
2088-08-14,Sat,10:13,19:28,20:04,20:23,20:41,06:54,07:13,07:32,08:08,01:48,43913.6,16:34,19:54,02:49,06:59,17:33,0.04,2,08:07,+15:18,D,D
2088-08-15,Sun,10:12,19:28,20:04,20:23,20:42,06:54,07:12,07:31,08:07,01:48,43914.6,16:39,19:58,02:53,07:45,18:39,0.01,1,09:05,+11:53,D,D
2088-08-16,Mon,10:11,19:29,20:05,20:24,20:42,06:53,07:11,07:30,08:06,01:48,43915.6,16:43,20:02,02:56,08:28,19:45,0.0,0,10:00,+07:49,D,D
2088-08-17,Tue,10:09,19:29,20:05,20:24,20:43,06:52,07:10,07:29,08:05,01:48,43916.6,16:48,20:06,02:59,09:07,20:48,0.03,1,10:54,+03:25,D,D
2088-08-18,Wed,10:08,19:30,20:06,20:25,20:43,06:51,07:09,07:28,08:04,01:47,43917.6,16:52,20:10,03:02,09:45,21:50,0.08,2,11:46,-01:03,D,D
2088-08-19,Thu,10:06,19:30,20:06,20:25,20:44,06:50,07:08,07:27,08:03,01:47,43918.6,16:57,20:14,03:05,10:23,22:49,0.14,3,12:36,-05:20,D,D
2088-08-20,Fri,10:05,19:31,20:07,20:26,20:44,06:49,07:07,07:26,08:02,01:47,43919.6,17:01,20:18,03:08,11:01,23:47,0.22,4,13:26,-09:14,G,D
2088-08-21,Sat,10:03,19:32,20:07,20:26,20:45,06:48,07:06,07:25,08:01,01:47,43920.6,17:06,20:22,03:11,11:41,00:43,0.31,5,14:16,-12:37,G,D
2088-08-22,Sun,10:02,19:32,20:08,20:27,20:45,06:47,07:05,07:24,08:00,01:46,43921.6,17:10,20:26,03:14, ... ,01:38,0.41,6,15:05,-15:20,G,D
2088-08-23,Mon,10:00,19:33,20:08,20:27,20:46,06:46,07:04,07:23,07:59,01:46,43922.6,17:15,20:29,03:17,12:22,02:30,0.5,7,15:55,-17:19,G,D
2088-08-24,Tue,09:59,19:33,20:09,20:28,20:46,06:45,07:03,07:22,07:58,01:46,43923.6,17:19,20:33,03:19,13:05,03:21,0.6,8,16:46,-18:29,G,G
2088-08-25,Wed,09:57,19:34,20:09,20:28,20:47,06:44,07:02,07:21,07:56,01:46,43924.6,17:24,20:37,03:22,13:51,04:09,0.69,9,17:36,-18:49,G,G
2088-08-26,Thu,09:56,19:34,20:10,20:29,20:47,06:43,07:01,07:20,07:55,01:45,43925.6,17:28,20:41,03:25,14:40,04:54,0.77,10,18:27,-18:17,B,G
2088-08-27,Fri,09:53,19:35,20:11,20:29,20:48,06:41,07:00,07:19,07:54,01:45,43926.6,17:33,20:45,03:27,15:31,05:36,0.85,11,19:17,-16:54,B,G
2088-08-28,Sat,09:52,19:35,20:11,20:30,20:48,06:40,06:59,07:17,07:53,01:44,43927.6,17:37,20:49,03:30,16:23,06:16,0.91,12,20:07,-14:44,B,B
2088-08-29,Sun,09:50,19:36,20:12,20:30,20:49,06:39,06:58,07:16,07:52,01:44,43928.6,17:42,20:53,03:33,17:17,06:54,0.96,13,20:57,-11:51,B,B
2088-08-30,Mon,09:49,19:36,20:12,20:31,20:49,06:38,06:57,07:15,07:51,01:44,43929.6,17:46,20:57,03:36,18:13,07:31,0.99,14,21:46,-08:21,B,B
2088-08-31,Tue,09:47,19:37,20:13,20:31,20:50,06:37,06:55,07:14,07:50,01:44,43930.6,17:50,21:01,03:39,19:09,08:07,1.0,14,22:36,-04:24,B,B
2088-09-01,Wed,09:46,19:37,20:13,20:32,20:50,06:36,06:54,07:13,07:48,01:43,43931.6,17:54,21:05,03:42,20:06,08:44,0.99,13,23:26,+00:10,B,B
2088-09-02,Thu,09:44,19:38,20:14,20:32,20:51,06:35,06:53,07:12,07:47,01:43,43932.6,17:59,21:09,03:45,21:04,09:21,0.96,12,00:16,+04:10,B,B
2088-09-03,Fri,09:42,19:38,20:14,20:33,20:51,06:33,06:52,07:10,07:46,01:42,43933.6,18:03,21:13,03:47,22:03,10:01,0.9,11,01:08,+08:21,G,B
2088-09-04,Sat,09:40,19:39,20:15,20:33,20:52,06:32,06:51,07:09,07:45,01:42,43934.6,18:08,21:17,03:50,23:04,10:44,0.83,10,02:01,+12:10,G,B
2088-09-05,Sun,09:39,19:40,20:15,20:34,20:52,06:31,06:50,07:08,07:44,01:42,43935.6,18:12,21:21,03:53,00:06,11:30,0.74,9,02:56,+15:22,G,B
2088-09-06,Mon,09:37,19:40,20:16,20:34,20:53,06:30,06:48,07:07,07:42,01:42,43936.6,18:17,21:25,03:56,01:07, ... ,0.63,8,03:54,+17:43,D,G
2088-09-07,Tue,09:36,19:41,20:16,20:35,20:53,06:29,06:47,07:06,07:41,01:41,43937.6,18:21,21:29,03:59,02:08,12:22,0.52,7,04:52,+19:03,D,G
2088-09-08,Wed,09:33,19:41,20:17,20:35,20:54,06:27,06:46,07:04,07:40,01:41,43938.6,18:26,21:33,04:01,03:06,13:18,0.4,6,05:52,+19:13,D,G
2088-09-09,Thu,09:32,19:42,20:17,20:36,20:54,06:26,06:45,07:03,07:39,01:40,43939.6,18:30,21:36,04:04,04:01,14:18,0.29,5,06:51,+18:14,D,D
2088-09-10,Fri,09:30,19:42,20:18,20:36,20:55,06:25,06:44,07:02,07:37,01:40,43940.6,18:35,21:40,04:06,04:51,15:20,0.2,4,07:50,+16:08,D,D
2088-09-11,Sat,09:29,19:43,20:18,20:37,20:55,06:24,06:42,07:01,07:36,01:40,43941.6,18:39,21:44,04:09,05:38,16:24,0.11,3,08:46,+13:05,D,D
2088-09-12,Sun,09:26,19:43,20:19,20:37,20:56,06:22,06:41,07:00,07:35,01:39,43942.6,18:44,21:48,04:11,06:21,17:28,0.05,2,09:42,+09:20,D,D
2088-09-13,Mon,09:25,19:44,20:19,20:38,20:56,06:21,06:40,06:58,07:34,01:39,43943.6,18:48,21:52,04:14,07:01,18:31,0.01,1,10:35,+05:08,D,D
2088-09-14,Tue,09:23,19:44,20:20,20:38,20:57,06:20,06:38,06:57,07:32,01:39,43944.6,18:53,21:56,04:17,07:40,19:33,0.0,0,11:27,+00:44,D,D
2088-09-15,Wed,09:21,19:45,20:20,20:39,20:58,06:19,06:37,06:56,07:31,01:39,43945.6,18:58,22:00,04:20,08:18,20:34,0.01,1,12:18,-03:35,D,D
2088-09-16,Thu,09:19,19:45,20:21,20:39,20:58,06:17,06:36,06:55,07:30,01:38,43946.6,19:02,22:04,04:22,08:56,21:33,0.05,2,13:08,-07:38,D,D
2088-09-17,Fri,09:17,19:46,20:21,20:40,20:59,06:16,06:35,06:53,07:29,01:38,43947.6,19:07,22:08,04:25,09:36,22:30,0.1,3,13:58,-11:13,D,D
2088-09-18,Sat,09:16,19:46,20:22,20:41,20:59,06:15,06:33,06:52,07:27,01:37,43948.6,19:10,22:12,04:28,10:17,23:26,0.17,4,14:48,-14:11,D,D
2088-09-19,Sun,09:13,19:47,20:23,20:41,21:00,06:13,06:32,06:51,07:26,01:37,43949.6,19:15,22:16,04:30,11:00,00:20,0.25,5,15:38,-16:26,G,D
2088-09-20,Mon,09:12,19:48,20:23,20:42,21:00,06:12,06:31,06:49,07:25,01:36,43950.6,19:19,22:20,04:33,11:45,01:12,0.34,6,16:28,-17:53,G,D
2088-09-21,Tue,09:10,19:48,20:24,20:42,21:01,06:11,06:30,06:48,07:24,01:36,43951.6,19:24,22:24,04:36, ... ,02:01,0.43,7,17:19,-18:31,G,D
2088-09-22,Wed,09:07,19:49,20:24,20:43,21:02,06:09,06:28,06:47,07:22,01:36,43952.6,19:29,22:28,04:38,12:33,02:47,0.53,8,18:09,-18:17,G,D
2088-09-23,Thu,09:06,19:49,20:25,20:43,21:02,06:08,06:27,06:46,07:21,01:35,43953.6,19:33,22:32,04:41,13:22,03:31,0.62,9,18:59,-17:14,G,G
2088-09-24,Fri,09:04,19:50,20:25,20:44,21:03,06:07,06:26,06:44,07:20,01:35,43954.6,19:38,22:36,04:44,14:14,04:12,0.71,10,19:49,-15:23,B,G
2088-09-25,Sat,09:01,19:50,20:26,20:45,21:04,06:05,06:24,06:43,07:19,01:35,43955.6,19:43,22:40,04:46,15:07,04:50,0.79,11,20:38,-12:47,B,G
2088-09-26,Sun,09:00,19:51,20:27,20:45,21:04,06:04,06:23,06:42,07:17,01:34,43956.6,19:47,22:43,04:48,16:01,05:28,0.87,12,21:28,-09:33,B,B
2088-09-27,Mon,08:58,19:51,20:27,20:46,21:05,06:03,06:22,06:40,07:16,01:34,43957.6,19:52,22:47,04:51,16:57,06:04,0.93,13,22:17,-05:46,B,B
2088-09-28,Tue,08:55,19:52,20:28,20:47,21:06,06:01,06:20,06:39,07:15,01:34,43958.6,19:57,22:51,04:53,17:54,06:41,0.97,14,23:07,-01:37,B,B
2088-09-29,Wed,08:54,19:53,20:28,20:47,21:06,06:00,06:19,06:38,07:14,01:33,43959.6,20:01,22:55,04:56,18:52,07:18,1.0,14,23:58,+02:45,B,B
2088-09-30,Thu,08:52,19:53,20:29,20:48,21:07,05:59,06:18,06:37,07:12,01:33,43960.6,20:06,22:59,04:59,19:52,07:58,1.0,14,00:51,+07:05,B,B
2088-10-01,Fri,08:49,19:54,20:30,20:49,21:08,05:57,06:16,06:35,07:11,01:33,43961.6,20:11,23:03,05:01,20:54,08:41,0.97,12,01:45,+11:07,B,B
2088-10-02,Sat,08:48,19:54,20:30,20:49,21:08,05:56,06:15,06:34,07:10,01:32,43962.6,20:15,23:07,05:04,21:57,09:27,0.92,12,02:41,+14:36,B,B
2088-10-03,Sun,08:46,19:55,20:31,20:50,21:09,05:55,06:14,06:33,07:09,01:32,43963.6,20:20,23:11,05:07,23:00,10:18,0.85,10,03:39,+17:15,G,B
2088-10-04,Mon,08:43,19:56,20:32,20:51,21:10,05:53,06:13,06:32,07:08,01:32,43964.6,20:25,23:15,05:09,00:02,11:13,0.76,10,04:39,+18:51,G,B
2088-10-05,Tue,08:41,19:56,20:32,20:51,21:11,05:52,06:11,06:30,07:06,01:32,43965.6,20:30,23:19,05:12,01:01, ... ,0.66,8,05:39,+19:17,D,G
2088-10-06,Wed,08:40,19:57,20:33,20:52,21:11,05:51,06:10,06:29,07:05,01:31,43966.6,20:33,23:23,05:15,01:57,12:12,0.55,8,06:39,+18:32,D,G
2088-10-07,Thu,08:37,19:57,20:34,20:53,21:12,05:49,06:09,06:28,07:04,01:31,43967.6,20:38,23:27,05:17,02:48,13:14,0.43,6,07:37,+16:41,D,G
2088-10-08,Fri,08:35,19:58,20:34,20:53,21:13,05:48,06:07,06:27,07:03,01:31,43968.6,20:43,23:31,05:20,03:35,14:16,0.32,6,08:33,+13:54,D,G
2088-10-09,Sat,08:33,19:59,20:35,20:54,21:14,05:47,06:06,06:25,07:02,01:31,43969.6,20:48,23:35,05:23,04:18,15:19,0.22,4,09:28,+10:23,D,D
2088-10-10,Sun,08:30,19:59,20:36,20:55,21:15,05:45,06:05,06:24,07:00,01:30,43970.6,20:53,23:39,05:25,04:58,16:21,0.14,4,10:20,+06:23,D,D
2088-10-11,Mon,08:29,20:00,20:36,20:56,21:15,05:44,06:04,06:23,06:59,01:30,43971.6,20:57,23:43,05:28,05:36,17:21,0.07,2,11:12,+02:08,D,D
2088-10-12,Tue,08:27,20:01,20:37,20:57,21:16,05:43,06:02,06:22,06:58,01:30,43972.6,21:02,23:47,05:31,06:14,18:21,0.03,2,12:02,-02:08,D,D
2088-10-13,Wed,08:24,20:01,20:38,20:57,21:17,05:41,06:01,06:21,06:57,01:29,43973.6,21:07,23:51,05:32,06:52,19:20,0.0,0,12:51,-06:13,D,D
2088-10-14,Thu,08:22,20:02,20:39,20:58,21:18,05:40,06:00,06:19,06:56,01:29,43974.6,21:12,23:54,05:35,07:31,20:18,0.0,0,13:41,-09:56,D,D
2088-10-15,Fri,08:20,20:03,20:39,20:59,21:19,05:39,05:59,06:18,06:55,01:29,43975.6,21:17,23:58,05:38,08:11,21:14,0.02,2,14:31,-13:05,D,D
2088-10-16,Sat,08:18,20:03,20:40,21:00,21:20,05:38,05:58,06:17,06:54,01:29,43976.6,21:22,00:02,05:41,08:53,22:10,0.06,2,15:21,-15:35,D,D
2088-10-17,Sun,08:15,20:04,20:41,21:01,21:21,05:36,05:56,06:16,06:53,01:29,43977.6,21:27,00:06,05:43,09:38,23:03,0.12,4,16:11,-17:19,D,D
2088-10-18,Mon,08:14,20:05,20:42,21:01,21:21,05:35,05:55,06:15,06:52,01:28,43978.6,21:31,00:10,05:46,10:25,23:53,0.19,4,17:02,-18:13,G,D
2088-10-19,Tue,08:12,20:06,20:42,21:02,21:22,05:34,05:54,06:14,06:51,01:28,43979.6,21:36,00:14,05:49,11:14,00:41,0.27,6,17:52,-18:17,G,D
2088-10-20,Wed,08:10,20:06,20:43,21:03,21:23,05:33,05:53,06:13,06:50,01:28,43980.6,21:41,00:18,05:52, ... ,01:25,0.36,6,18:42,-17:31,G,D
2088-10-21,Thu,08:07,20:07,20:44,21:04,21:24,05:31,05:52,06:11,06:49,01:28,43981.6,21:46,00:22,05:54,12:05,02:07,0.45,8,19:31,-15:58,G,D
2088-10-22,Fri,08:05,20:08,20:45,21:05,21:25,05:30,05:50,06:10,06:48,01:28,43982.6,21:51,00:26,05:57,12:57,02:46,0.55,8,20:20,-13:40,G,G
2088-10-23,Sat,08:03,20:08,20:46,21:06,21:26,05:29,05:49,06:09,06:47,01:28,43983.6,21:56,00:30,06:00,13:50,03:23,0.64,10,21:08,-10:43,G,G
2088-10-24,Sun,08:01,20:09,20:47,21:07,21:27,05:28,05:48,06:08,06:46,01:28,43984.6,22:00,00:34,06:03,14:44,03:59,0.73,10,21:57,-07:13,B,G
2088-10-25,Mon,07:58,20:10,20:47,21:08,21:28,05:26,05:47,06:07,06:45,01:27,43985.6,22:05,00:38,06:05,15:39,04:35,0.82,12,22:46,-03:15,B,G
2088-10-26,Tue,07:56,20:11,20:48,21:08,21:29,05:25,05:46,06:06,06:44,01:27,43986.6,22:10,00:42,06:08,16:37,05:12,0.89,12,23:36,+01:01,B,B
2088-10-27,Wed,07:54,20:11,20:49,21:09,21:30,05:24,05:45,06:05,06:43,01:27,43987.6,22:15,00:46,06:11,17:36,05:51,0.95,14,00:28,+05:23,B,B
2088-10-28,Thu,07:52,20:12,20:50,21:10,21:31,05:23,05:44,06:04,06:42,01:27,43988.6,22:20,00:50,06:14,18:37,06:33,0.99,14,01:22,+09:37,B,B
2088-10-29,Fri,07:50,20:13,20:51,21:11,21:32,05:22,05:43,06:03,06:41,01:27,43989.6,22:25,00:54,06:16,19:40,07:18,1.0,14,02:19,+13:26,B,B
2088-10-30,Sat,07:48,20:14,20:52,21:12,21:33,05:21,05:42,06:02,06:40,01:27,43990.6,22:30,00:58,06:19,20:45,08:09,0.99,13,03:18,+16:31,B,B
2088-10-31,Sun,07:46,20:15,20:53,21:13,21:34,05:20,05:41,06:01,06:39,01:27,43991.6,22:35,01:01,06:22,21:50,09:04,0.95,12,04:19,+18:35,B,B
2088-11-01,Mon,07:44,20:15,20:54,21:14,21:35,05:19,05:40,06:00,06:38,01:27,43992.6,22:40,01:05,06:25,22:53,10:04,0.88,11,05:21,+19:25,G,B
2088-11-02,Tue,07:42,20:16,20:54,21:15,21:36,05:18,05:39,05:59,06:38,01:27,43993.6,22:45,01:09,06:28,23:52,11:06,0.79,10,06:23,+18:59,G,B
2088-11-03,Wed,07:39,20:17,20:55,21:16,21:37,05:16,05:38,05:58,06:37,01:27,43994.6,22:50,01:13,06:30,00:45, ... ,0.69,9,07:24,+17:21,G,G
2088-11-04,Thu,07:37,20:18,20:56,21:17,21:38,05:15,05:37,05:58,06:36,01:27,43995.6,22:55,01:17,06:33,01:34,12:10,0.58,8,08:22,+14:42,D,G
2088-11-05,Fri,07:34,20:19,20:57,21:18,21:40,05:14,05:36,05:57,06:35,01:27,43996.6,23:01,01:21,06:36,02:18,13:13,0.47,7,09:17,+11:17,D,G
2088-11-06,Sat,07:32,20:20,20:58,21:19,21:41,05:13,05:35,05:56,06:35,01:27,43997.6,23:06,01:25,06:39,02:59,14:15,0.36,6,10:10,+07:23,D,G
2088-11-07,Sun,07:31,20:20,20:59,21:20,21:42,05:13,05:34,05:55,06:34,01:28,43998.6,23:11,01:29,06:43,03:37,15:15,0.26,5,11:01,+03:12,D,D
2088-11-08,Mon,07:29,20:21,21:00,21:21,21:43,05:12,05:33,05:54,06:33,01:28,43999.6,23:16,01:33,06:46,04:14,16:14,0.17,4,11:50,-01:01,D,D
2088-11-09,Tue,07:27,20:22,21:01,21:22,21:44,05:11,05:33,05:54,06:33,01:28,44000.6,23:21,01:37,06:49,04:51,17:12,0.1,3,12:39,-05:06,D,D
2088-11-10,Wed,07:25,20:23,21:02,21:23,21:45,05:10,05:32,05:53,06:32,01:28,44001.6,23:26,01:41,06:52,05:28,18:09,0.05,2,13:28,-08:52,D,D
2088-11-11,Thu,07:23,20:24,21:03,21:24,21:46,05:09,05:31,05:52,06:31,01:28,44002.6,23:30,01:45,06:55,06:08,19:05,0.01,1,14:17,-12:10,D,D
2088-11-12,Fri,07:21,20:25,21:04,21:25,21:47,05:08,05:30,05:52,06:31,01:28,44003.6,23:35,01:49,06:58,06:49,20:01,0.0,0,15:07,-14:51,D,D
2088-11-13,Sat,07:19,20:26,21:05,21:26,21:48,05:07,05:29,05:51,06:30,01:28,44004.6,23:40,01:53,07:01,07:33,20:55,0.01,1,15:56,-16:49,D,D
2088-11-14,Sun,07:17,20:26,21:06,21:27,21:50,05:07,05:29,05:50,06:30,01:29,44005.6,23:46,01:57,07:05,08:19,21:46,0.03,2,16:47,-17:58,D,D
2088-11-15,Mon,07:15,20:27,21:07,21:28,21:51,05:06,05:28,05:50,06:29,01:29,44006.6,23:51,02:01,07:07,09:07,22:35,0.08,3,17:37,-18:18,D,D
2088-11-16,Tue,07:13,20:28,21:08,21:29,21:52,05:05,05:27,05:49,06:29,01:29,44007.6,23:56,02:05,07:10,09:57,23:21,0.13,4,18:26,-17:48,D,D
2088-11-17,Wed,07:11,20:29,21:09,21:30,21:53,05:04,05:27,05:49,06:28,01:29,44008.6,00:01,02:09,07:13,10:48,00:04,0.2,5,19:15,-16:30,G,D
2088-11-18,Thu,07:10,20:30,21:10,21:32,21:54,05:04,05:26,05:48,06:28,01:29,44009.6,00:06,02:12,07:17,11:40,00:43,0.28,6,20:04,-14:28,G,D
2088-11-19,Fri,07:08,20:31,21:11,21:33,21:55,05:03,05:26,05:48,06:28,01:29,44010.6,00:11,02:16,07:20, ... ,01:21,0.37,7,20:51,-11:48,G,D
2088-11-20,Sat,07:06,20:32,21:12,21:34,21:56,05:02,05:25,05:47,06:27,01:29,44011.6,00:16,02:20,07:23,12:33,01:56,0.47,8,21:39,-08:33,G,D
2088-11-21,Sun,07:04,20:32,21:13,21:35,21:58,05:02,05:25,05:47,06:27,01:30,44012.6,00:22,02:24,07:27,13:27,02:32,0.57,9,22:26,-04:50,G,G
2088-11-22,Mon,07:02,20:33,21:14,21:36,21:59,05:01,05:24,05:46,06:27,01:30,44013.6,00:27,02:28,07:30,14:22,03:07,0.66,10,23:15,+00:47,G,G
2088-11-23,Tue,07:01,20:34,21:15,21:37,22:00,05:01,05:24,05:46,06:26,01:31,44014.6,00:32,02:32,07:34,15:19,03:44,0.76,11,00:04,+03:28,B,G
2088-11-24,Wed,06:59,20:35,21:16,21:38,22:01,05:00,05:23,05:46,06:26,01:31,44015.6,00:37,02:36,07:37,16:17,04:23,0.84,12,00:56,+07:44,B,G
2088-11-25,Thu,06:58,20:36,21:16,21:39,22:02,05:00,05:23,05:45,06:26,01:31,44016.6,00:42,02:40,07:41,17:19,05:06,0.92,13,01:51,+11:47,B,B
2088-11-26,Fri,06:56,20:37,21:17,21:40,22:03,04:59,05:23,05:45,06:26,01:31,44017.6,00:47,02:44,07:44,18:23,05:54,0.97,14,02:49,+15:17,B,B
2088-11-27,Sat,06:55,20:38,21:18,21:41,22:04,04:59,05:22,05:45,06:26,01:32,44018.6,00:52,02:48,07:48,19:29,06:47,1.0,15,03:51,+17:55,B,B
2088-11-28,Sun,06:54,20:38,21:19,21:42,22:05,04:59,05:22,05:45,06:25,01:32,44019.6,00:57,02:52,07:52,20:34,07:47,0.99,14,04:55,+19:23,B,B
2088-11-29,Mon,06:52,20:39,21:20,21:43,22:06,04:58,05:22,05:44,06:25,01:32,44020.6,01:02,02:56,07:55,21:37,08:50,0.96,13,05:59,+19:30,B,B
2088-11-30,Tue,06:51,20:40,21:21,21:44,22:07,04:58,05:22,05:44,06:25,01:33,44021.6,01:06,03:00,07:59,22:36,09:56,0.91,12,07:03,+18:16,B,B
2088-12-01,Wed,06:50,20:41,21:22,21:45,22:08,04:58,05:22,05:44,06:25,01:33,44022.6,01:11,03:04,08:03,23:29,11:02,0.82,11,08:04,+15:50,G,B
2088-12-02,Thu,06:49,20:42,21:23,21:45,22:09,04:58,05:21,05:44,06:25,01:34,44023.6,01:16,03:08,08:06,00:16, ... ,0.73,10,09:02,+12:30,G,B
2088-12-03,Fri,06:48,20:42,21:24,21:46,22:10,04:58,05:21,05:44,06:25,01:34,44024.6,01:21,03:12,08:10,00:59,12:07,0.62,9,09:58,+08:35,D,G
2088-12-04,Sat,06:46,20:43,21:25,21:47,22:11,04:57,05:21,05:44,06:25,01:34,44025.6,01:26,03:16,08:13,01:38,13:09,0.51,8,10:50,+04:21,D,G
2088-12-05,Sun,06:45,20:44,21:25,21:48,22:12,04:57,05:21,05:44,06:25,01:35,44026.6,01:31,03:19,08:17,02:16,14:09,0.4,7,11:40,+00:03,D,G
2088-12-06,Mon,06:44,20:45,21:26,21:49,22:13,04:57,05:21,05:44,06:25,01:35,44027.6,01:36,03:23,08:21,02:53,15:07,0.3,6,12:29,-04:06,D,G
2088-12-07,Tue,06:43,20:46,21:27,21:50,22:14,04:57,05:21,05:44,06:26,01:36,44028.6,01:41,03:27,08:25,03:29,16:04,0.21,5,13:18,-07:57,D,D
2088-12-08,Wed,06:42,20:46,21:28,21:51,22:15,04:57,05:21,05:44,06:26,01:36,44029.6,01:46,03:31,08:29,04:08,17:00,0.14,4,14:06,-11:21,D,D
2088-12-09,Thu,06:41,20:47,21:29,21:51,22:16,04:57,05:22,05:44,06:26,01:37,44030.6,01:51,03:35,08:33,04:47,17:55,0.08,3,14:55,-14:10,D,D
2088-12-10,Fri,06:42,20:48,21:29,21:52,22:16,04:58,05:22,05:45,06:26,01:37,44031.6,01:55,03:39,08:38,05:30,18:49,0.03,2,15:45,-16:19,D,D
2088-12-11,Sat,06:41,20:48,21:30,21:53,22:17,04:58,05:22,05:45,06:26,01:38,44032.6,02:00,03:43,08:42,06:15,19:41,0.01,1,16:34,-17:43,D,D
2088-12-12,Sun,06:40,20:49,21:31,21:54,22:18,04:58,05:22,05:45,06:27,01:38,44033.6,02:05,03:47,08:46,07:02,20:31,0.0,0,17:24,-18:17,D,D
2088-12-13,Mon,06:39,20:50,21:31,21:54,22:19,04:58,05:22,05:45,06:27,01:39,44034.6,02:10,03:51,08:50,07:52,21:18,0.01,1,18:14,-18:02,D,D
2088-12-14,Tue,06:39,20:50,21:32,21:55,22:19,04:58,05:23,05:46,06:27,01:39,44035.6,02:14,03:55,08:54,08:42,22:02,0.04,2,19:03,-16:58,D,D
2088-12-15,Wed,06:39,20:51,21:33,21:56,22:20,04:59,05:23,05:46,06:28,01:40,44036.6,02:19,03:59,08:59,09:34,22:43,0.09,3,19:51,-15:10,D,D
2088-12-16,Thu,06:38,20:52,21:33,21:56,22:21,04:59,05:23,05:46,06:28,01:40,44037.6,02:24,04:03,09:03,10:27,23:21,0.14,4,20:39,-12:42,D,D
2088-12-17,Fri,06:38,20:52,21:34,21:57,22:21,04:59,05:24,05:47,06:29,01:40,44038.6,02:28,04:07,09:07,11:19,23:57,0.22,5,21:25,-09:40,D,D
2088-12-18,Sat,06:38,20:53,21:34,21:58,22:22,05:00,05:24,05:47,06:29,01:41,44039.6,02:32,04:11,09:12, ... ,00:32,0.3,6,22:12,-06:10,G,D
2088-12-19,Sun,06:38,20:53,21:35,21:58,22:22,05:00,05:25,05:48,06:30,01:41,44040.6,02:36,04:15,09:15,12:13,01:06,0.39,7,22:59,-02:19,G,D
2088-12-20,Mon,06:38,20:54,21:35,21:59,22:23,05:01,05:25,05:48,06:30,01:42,44041.6,02:41,04:19,09:20,13:07,01:41,0.49,8,23:46,+01:45,G,D
2088-12-21,Tue,06:38,20:54,21:36,21:59,22:23,05:01,05:26,05:49,06:31,01:42,44042.6,02:45,04:23,09:24,14:03,02:17,0.6,9,00:36,+05:54,G,D
2088-12-22,Wed,06:38,20:55,21:36,21:59,22:24,05:02,05:26,05:49,06:31,01:43,44043.6,02:50,04:26,09:29,15:01,02:57,0.7,10,01:27,+09:56,B,G
2088-12-23,Thu,06:39,20:55,21:37,22:00,22:24,05:03,05:27,05:50,06:32,01:44,44044.6,02:54,04:30,09:34,16:02,03:41,0.79,11,02:22,+13:38,B,G
2088-12-24,Fri,06:38,20:55,21:37,22:00,22:25,05:03,05:27,05:50,06:32,01:44,44045.6,02:59,04:34,09:38,17:05,04:30,0.88,12,03:20,+16:42,B,B
2088-12-25,Sat,06:39,20:56,21:38,22:01,22:25,05:04,05:28,05:51,06:33,01:45,44046.6,03:03,04:38,09:43,18:10,05:25,0.94,13,04:22,+18:49,B,B
2088-12-26,Sun,06:39,20:56,21:38,22:01,22:25,05:04,05:29,05:52,06:33,01:45,44047.6,03:07,04:42,09:47,19:15,06:27,0.99,14,05:27,+19:41,B,B
2088-12-27,Mon,06:40,20:57,21:38,22:01,22:25,05:05,05:29,05:52,06:34,01:45,44048.6,03:11,04:46,09:52,20:17,07:33,1.0,15,06:32,+19:09,B,B
2088-12-28,Tue,06:40,20:57,21:38,22:01,22:26,05:06,05:30,05:53,06:35,01:46,44049.6,03:16,04:50,09:57,21:15,08:41,0.98,14,07:37,+17:15,B,B
2088-12-29,Wed,06:41,20:57,21:39,22:02,22:26,05:07,05:31,05:54,06:35,01:47,44050.6,03:20,04:54,10:02,22:07,09:49,0.93,13,08:39,+14:12,B,B
2088-12-30,Thu,06:42,20:57,21:39,22:02,22:26,05:08,05:32,05:55,06:36,01:47,44051.6,03:24,04:58,10:07,22:53,10:55,0.86,12,09:38,+10:20,B,B
2088-12-31,Fri,06:42,20:58,21:39,22:02,22:26,05:08,05:33,05:55,06:37,01:47,44052.6,03:28,05:02,10:11,23:36,11:58,0.77,11,10:34,+06:01,G,B
