Date,weekday,night_length,sunset_UT,twi_eve-10_UT,twi_eve-14_UT,twi_eve-18_UT,twi_mor-18_UT,twi_mor-14_UT,twi_mor-10_UT,sunrise_UT,half_night_UT,TJD,twi_eve_LST ,midnight_LST,twi_mor_LST,moonrise_UT,moonset_UT,moon_ilum,dfnm,RA_moon,DEC_moon,brightness1,brightness2
2026-01-01,Thu,06:42,23:58,00:39,01:02,01:26,08:08,08:33,08:55,09:37,04:47,21042.6,03:29,05:03,10:12,22:18,08:38,0.97,13,05:30,+29:04,B,B
2026-01-02,Fri,06:43,23:58,00:39,01:02,01:26,08:09,08:33,08:56,09:38,04:48,21043.6,03:33,05:07,10:17,23:25,09:48,1.0,14,06:39,+28:28,B,B
2026-01-03,Sat,06:44,23:58,00:39,01:02,01:26,08:10,08:34,08:57,09:38,04:48,21044.6,03:37,05:11,10:22,00:22,11:01,0.99,15,07:45,+25:52,B,B
2026-01-04,Sun,06:45,23:58,00:39,01:02,01:26,08:11,08:35,08:58,09:39,04:49,21045.6,03:41,05:15,10:27,01:09,12:11,0.96,14,08:46,+21:40,B,B
2026-01-05,Mon,06:46,23:58,00:39,01:02,01:26,08:12,08:36,08:59,09:40,04:49,21046.6,03:45,05:19,10:32,01:48,13:17,0.9,13,09:42,+16:22,B,B
2026-01-06,Tue,06:47,23:58,00:39,01:02,01:26,08:13,08:37,09:00,09:41,04:50,21047.6,03:49,05:23,10:37,02:21,14:19,0.83,12,10:32,+10:28,G,B
2026-01-07,Wed,06:48,23:58,00:39,01:02,01:26,08:14,08:38,09:00,09:42,04:50,21048.6,03:53,05:27,10:42,02:51, ... ,0.74,11,11:19,+04:21,G,B
2026-01-08,Thu,06:49,23:58,00:39,01:02,01:26,08:15,08:39,09:01,09:42,04:51,21049.6,03:57,05:31,10:47,03:18,15:18,0.65,10,12:04,-01:42,G,G
2026-01-09,Fri,06:51,23:58,00:39,01:02,01:25,08:16,08:40,09:02,09:43,04:51,21050.6,04:00,05:35,10:52,03:45,16:14,0.55,9,12:48,-07:29,G,G
2026-01-10,Sat,06:52,23:58,00:39,01:02,01:25,08:17,08:41,09:03,09:44,04:51,21051.6,04:04,05:39,10:57,04:13,17:10,0.46,8,13:33,-12:49,D,G
2026-01-11,Sun,06:53,23:58,00:39,01:01,01:25,08:18,08:42,09:04,09:45,04:52,21052.6,04:07,05:43,11:02,04:43,18:06,0.36,7,14:18,-17:34,D,G
2026-01-12,Mon,06:54,23:58,00:39,01:01,01:25,08:19,08:43,09:05,09:46,04:52,21053.6,04:11,05:47,11:07,05:16,19:03,0.28,6,15:05,-21:35,D,G
2026-01-13,Tue,06:56,23:58,00:39,01:01,01:24,08:20,08:44,09:06,09:47,04:52,21054.6,04:14,05:51,11:12,05:54,20:00,0.2,5,15:54,-24:42,D,G
2026-01-14,Wed,06:58,23:58,00:38,01:01,01:24,08:22,08:45,09:07,09:48,04:53,21055.6,04:18,05:55,11:17,06:38,20:57,0.13,4,16:45,-26:43,D,D
2026-01-15,Thu,07:00,23:58,00:38,01:00,01:23,08:23,08:46,09:08,09:48,04:53,21056.6,04:21,05:59,11:22,07:28,21:52,0.07,3,17:39,-27:31,D,D
2026-01-16,Fri,07:01,23:57,00:38,01:00,01:23,08:24,08:47,09:09,09:49,04:54,21057.6,04:25,06:02,11:27,08:24,22:44,0.03,2,18:33,-26:60,D,D
2026-01-17,Sat,07:03,23:57,00:37,00:59,01:22,08:25,08:48,09:10,09:50,04:54,21058.6,04:28,06:06,11:32,09:23,23:30,0.01,1,19:26,-25:09,D,D
2026-01-18,Sun,07:04,23:57,00:37,00:59,01:22,08:26,08:49,09:11,09:51,04:54,21059.6,04:32,06:10,11:37,10:25,00:11,0.0,0,20:19,-22:02,D,D
2026-01-19,Mon,07:06,23:57,00:37,00:59,01:21,08:27,08:50,09:12,09:52,04:54,21060.6,04:35,06:14,11:42,11:26,00:48,0.02,1,21:09,-17:49,D,D
2026-01-20,Tue,07:07,23:56,00:36,00:58,01:21,08:28,08:51,09:13,09:53,04:55,21061.6,04:39,06:18,11:47,12:27,01:20,0.05,2,21:58,-12:43,D,D
2026-01-21,Wed,07:10,23:56,00:36,00:58,01:20,08:30,08:52,09:14,09:54,04:55,21062.6,04:42,06:22,11:53,13:27,01:50,0.11,3,22:45,-06:57,D,D
2026-01-22,Thu,07:11,23:55,00:35,00:57,01:20,08:31,08:53,09:15,09:55,04:56,21063.6,04:46,06:26,11:58,14:28,02:19,0.19,4,23:32,+00:45,D,D
2026-01-23,Fri,07:13,23:55,00:35,00:56,01:19,08:32,08:54,09:16,09:56,04:56,21064.6,04:49,06:30,12:03, ... ,02:49,0.28,5,00:19,+05:37,D,D
2026-01-24,Sat,07:15,23:55,00:34,00:56,01:18,08:33,08:55,09:17,09:57,04:56,21065.6,04:52,06:34,12:08,15:29,03:20,0.38,6,01:09,+11:54,G,D
2026-01-25,Sun,07:17,23:54,00:34,00:55,01:17,08:34,08:57,09:18,09:58,04:56,21066.6,04:55,06:38,12:13,16:33,03:55,0.49,7,02:01,+17:44,G,D
2026-01-26,Mon,07:18,23:54,00:33,00:54,01:17,08:35,08:58,09:19,09:58,04:56,21067.6,04:59,06:42,12:18,17:41,04:35,0.61,8,02:57,+22:48,G,D
2026-01-27,Tue,07:21,23:53,00:32,00:54,01:16,08:37,08:59,09:20,09:59,04:57,21068.6,05:02,06:46,12:24,18:50,05:24,0.72,9,03:58,+26:37,B,G
2026-01-28,Wed,07:23,23:53,00:32,00:53,01:15,08:38,09:00,09:21,10:00,04:57,21069.6,05:04,06:50,12:29,20:00,06:21,0.81,10,05:03,+28:48,B,G
2026-01-29,Thu,07:25,23:52,00:31,00:52,01:14,08:39,09:01,09:22,10:01,04:57,21070.6,05:07,06:54,12:34,21:07,07:26,0.9,11,06:10,+29:02,B,G
2026-01-30,Fri,07:27,23:51,00:30,00:52,01:13,08:40,09:02,09:23,10:02,04:57,21071.6,05:10,06:58,12:39,22:07,08:36,0.96,12,07:16,+27:16,B,B
2026-01-31,Sat,07:29,23:51,00:30,00:51,01:12,08:41,09:03,09:24,10:03,04:57,21072.6,05:13,07:02,12:44,22:58,09:47,0.99,13,08:19,+23:44,B,B
2026-02-01,Sun,07:31,23:50,00:29,00:50,01:12,08:43,09:04,09:25,10:04,04:58,21073.6,05:17,07:06,12:49,23:40,10:55,1.0,14,09:16,+18:50,B,B
2026-02-02,Mon,07:33,23:50,00:28,00:49,01:11,08:44,09:05,09:26,10:05,04:58,21074.6,05:20,07:09,12:54,00:17,12:00,0.98,14,10:10,+13:04,B,B
2026-02-03,Tue,07:35,23:49,00:27,00:48,01:10,08:45,09:06,09:27,10:06,04:58,21075.6,05:23,07:13,12:59,00:48,13:01,0.94,13,10:59,+06:52,B,B
2026-02-04,Wed,07:37,23:48,00:27,00:47,01:09,08:46,09:07,09:28,10:07,04:58,21076.6,05:26,07:17,13:04,01:17,14:00,0.88,12,11:46,+00:35,B,B
2026-02-05,Thu,07:39,23:47,00:26,00:46,01:08,08:47,09:08,09:29,10:07,04:58,21077.6,05:29,07:21,13:09,01:45,14:57,0.81,11,12:32,-05:31,G,B
2026-02-06,Fri,07:41,23:47,00:25,00:46,01:07,08:48,09:09,09:30,10:08,04:58,21078.6,05:32,07:25,13:14,02:12, ... ,0.72,10,13:17,-11:11,G,B
2026-02-07,Sat,07:43,23:46,00:24,00:45,01:06,08:49,09:10,09:31,10:09,04:58,21079.6,05:35,07:29,13:19,02:42,15:54,0.63,9,14:02,-16:16,G,G
2026-02-08,Sun,07:45,23:45,00:23,00:44,01:05,08:50,09:12,09:32,10:10,04:58,21080.6,05:38,07:33,13:24,03:14,16:52,0.54,8,14:50,-20:37,G,G
2026-02-09,Mon,07:48,23:44,00:22,00:43,01:04,08:52,09:13,09:33,10:11,04:58,21081.6,05:41,07:37,13:30,03:50,17:49,0.45,7,15:39,-24:02,D,G
2026-02-10,Tue,07:50,23:44,00:21,00:42,01:03,08:53,09:14,09:34,10:12,04:58,21082.6,05:44,07:41,13:35,04:31,18:47,0.35,6,16:30,-26:24,D,G
2026-02-11,Wed,07:53,23:43,00:20,00:41,01:01,08:54,09:15,09:35,10:13,04:58,21083.6,05:46,07:45,13:40,05:19,19:43,0.27,5,17:22,-27:34,D,G
2026-02-12,Thu,07:55,23:42,00:19,00:40,01:00,08:55,09:16,09:36,10:13,04:58,21084.6,05:49,07:49,13:45,06:12,20:36,0.19,4,18:16,-27:26,D,G
2026-02-13,Fri,07:57,23:41,00:18,00:39,00:59,08:56,09:17,09:37,10:14,04:58,21085.6,05:52,07:53,13:50,07:11,21:24,0.12,3,19:10,-25:58,D,D
2026-02-14,Sat,07:59,23:40,00:17,00:38,00:58,08:57,09:18,09:38,10:15,04:58,21086.6,05:54,07:57,13:55,08:12,22:08,0.06,2,20:03,-23:12,D,D
2026-02-15,Sun,08:01,23:39,00:16,00:36,00:57,08:58,09:19,09:39,10:16,04:58,21087.6,05:57,08:01,14:00,09:14,22:46,0.02,1,20:54,-19:16,D,D
2026-02-16,Mon,08:03,23:38,00:15,00:35,00:56,08:59,09:19,09:39,10:17,04:58,21088.6,06:00,08:05,14:05,10:16,23:20,0.0,0,21:44,-14:20,D,D
2026-02-17,Tue,08:05,23:37,00:14,00:34,00:55,09:00,09:20,09:40,10:17,04:58,21089.6,06:03,08:09,14:10,11:18,23:51,0.0,1,22:32,-08:37,D,D
2026-02-18,Wed,08:08,23:36,00:13,00:33,00:53,09:01,09:21,09:41,10:18,04:57,21090.6,06:05,08:13,14:15,12:20,00:21,0.03,2,23:20,-02:24,D,D
2026-02-19,Thu,08:10,23:35,00:12,00:32,00:52,09:02,09:22,09:42,10:19,04:57,21091.6,06:08,08:17,14:20,13:22,00:51,0.08,3,00:08,+04:03,D,D
2026-02-20,Fri,08:12,23:34,00:11,00:31,00:51,09:03,09:23,09:43,10:20,04:57,21092.6,06:11,08:20,14:24,14:26,01:22,0.15,4,00:57,+10:27,D,D
2026-02-21,Sat,08:14,23:33,00:10,00:30,00:50,09:04,09:24,09:44,10:21,04:57,21093.6,06:14,08:24,14:29, ... ,01:56,0.24,5,01:48,+16:27,D,D
2026-02-22,Sun,08:16,23:32,00:09,00:29,00:49,09:05,09:25,09:45,10:21,04:57,21094.6,06:17,08:28,14:34,15:33,02:35,0.34,6,02:44,+21:42,D,D
2026-02-23,Mon,08:19,23:31,00:08,00:27,00:47,09:06,09:26,09:45,10:22,04:57,21095.6,06:19,08:32,14:39,16:42,03:20,0.46,7,03:43,+25:47,G,D
2026-02-24,Tue,08:21,23:30,00:07,00:26,00:46,09:07,09:27,09:46,10:23,04:57,21096.6,06:22,08:36,14:44,17:51,04:14,0.57,8,04:45,+28:22,G,D
2026-02-25,Wed,08:23,23:29,00:06,00:25,00:45,09:08,09:28,09:47,10:24,04:57,21097.6,06:25,08:40,14:49,18:58,05:15,0.68,9,05:50,+29:08,G,D
2026-02-26,Thu,08:25,23:28,00:04,00:24,00:44,09:09,09:29,09:48,10:24,04:57,21098.6,06:28,08:44,14:54,19:58,06:22,0.78,10,06:54,+28:00,B,G
2026-02-27,Fri,08:28,23:27,00:03,00:23,00:42,09:10,09:29,09:49,10:25,04:56,21099.6,06:30,08:48,14:59,20:51,07:30,0.87,11,07:56,+25:07,B,G
2026-02-28,Sat,08:30,23:26,00:02,00:21,00:41,09:11,09:30,09:50,10:26,04:56,21100.6,06:33,08:52,15:04,21:35,08:38,0.93,12,08:55,+20:46,B,B
2026-03-01,Sun,08:32,23:25,00:01,00:20,00:40,09:12,09:31,09:50,10:27,04:56,21101.6,06:36,08:56,15:09,22:13,09:43,0.98,13,09:49,+15:22,B,B
2026-03-02,Mon,08:34,23:24,00:00,00:19,00:38,09:12,09:32,09:51,10:27,04:55,21102.6,06:37,09:00,15:13,22:46,10:45,1.0,14,10:39,+09:20,B,B
2026-03-03,Tue,08:36,23:22,23:59,00:18,00:37,09:13,09:33,09:52,10:28,04:55,21103.6,06:40,09:04,15:18,23:16,11:45,1.0,15,11:27,+03:02,B,B
2026-03-04,Wed,08:38,23:21,23:57,00:16,00:36,09:14,09:33,09:53,10:29,04:55,21104.6,06:43,09:08,15:23,23:44,12:43,0.97,14,12:13,-03:13,B,B
2026-03-05,Thu,08:40,23:20,23:56,00:15,00:35,09:15,09:34,09:53,10:29,04:55,21105.6,06:46,09:12,15:28,00:12,13:41,0.93,13,12:59,-09:10,B,B
2026-03-06,Fri,08:43,23:19,23:55,00:14,00:33,09:16,09:35,09:54,10:30,04:55,21106.6,06:48,09:16,15:33,00:40,14:39,0.87,12,13:45,-14:36,B,B
2026-03-07,Sat,08:45,23:18,23:54,00:13,00:32,09:17,09:36,09:55,10:31,04:55,21107.6,06:51,09:20,15:38,01:12, ... ,0.79,11,14:33,-19:18,G,B
2026-03-08,Sun,08:46,23:17,23:52,00:11,00:31,09:17,09:37,09:56,10:31,04:54,21108.6,06:54,09:24,15:42,01:46,15:37,0.71,10,15:22,-23:07,G,B
2026-03-09,Mon,08:49,23:15,23:51,00:10,00:29,09:18,09:37,09:56,10:32,04:54,21109.6,06:56,09:27,15:47,02:26,16:35,0.62,9,16:13,-25:53,G,G
2026-03-10,Tue,08:51,23:14,23:50,00:09,00:28,09:19,09:38,09:57,10:33,04:54,21110.6,06:59,09:31,15:51,03:11,17:32,0.53,8,17:05,-27:28,G,G
2026-03-11,Wed,08:53,23:13,23:49,00:08,00:27,09:20,09:39,09:58,10:33,04:54,21111.6,07:02,09:35,15:56,04:01,18:26,0.43,7,17:59,-27:45,D,G
2026-03-12,Thu,08:55,23:12,23:48,00:06,00:25,09:20,09:40,09:58,10:34,04:53,21112.6,07:04,09:39,16:00,04:57,19:16,0.34,6,18:52,-26:44,D,G
2026-03-13,Fri,08:57,23:11,23:46,00:05,00:24,09:21,09:40,09:59,10:35,04:53,21113.6,07:07,09:43,16:05,05:56,20:01,0.25,5,19:45,-24:25,D,G
2026-03-14,Sat,08:59,23:09,23:45,00:04,00:23,09:22,09:41,10:00,10:35,04:53,21114.6,07:10,09:47,16:10,06:58,20:41,0.17,4,20:37,-20:53,D,D
2026-03-15,Sun,09:01,23:08,23:44,00:03,00:22,09:23,09:42,10:00,10:36,04:53,21115.6,07:13,09:51,16:15,08:00,21:17,0.1,3,21:27,-16:18,D,D
2026-03-16,Mon,09:03,23:07,23:43,00:01,00:20,09:23,09:42,10:01,10:37,04:52,21116.6,07:15,09:55,16:19,09:02,21:50,0.05,2,22:15,-10:50,D,D
2026-03-17,Tue,09:05,23:06,23:41,00:00,00:19,09:24,09:43,10:02,10:37,04:52,21117.6,07:18,09:59,16:24,10:05,22:20,0.01,1,23:04,-04:44,D,D
2026-03-18,Wed,09:07,23:05,23:40,23:59,00:18,09:25,09:44,10:02,10:38,04:52,21118.6,07:21,10:03,16:29,11:08,22:50,0.0,0,23:52,+01:46,D,D
2026-03-19,Thu,09:10,23:03,23:39,23:58,00:16,09:26,09:44,10:03,10:39,04:51,21119.6,07:22,10:07,16:34,12:13,23:21,0.02,1,00:42,+08:19,D,D
2026-03-20,Fri,09:11,23:02,23:38,23:56,00:15,09:26,09:45,10:04,10:39,04:51,21120.6,07:25,10:11,16:38,13:21,23:55,0.06,2,01:33,+14:36,D,D
2026-03-21,Sat,09:13,23:01,23:36,23:55,00:14,09:27,09:46,10:04,10:40,04:51,21121.6,07:28,10:15,16:43,14:31,00:33,0.12,3,02:29,+20:12,D,D
2026-03-22,Sun,09:15,23:00,23:35,23:54,00:13,09:28,09:46,10:05,10:40,04:51,21122.6,07:31,10:19,16:48, ... ,01:17,0.21,4,03:28,+24:42,D,D
2026-03-23,Mon,09:17,22:59,23:34,23:53,00:11,09:28,09:47,10:06,10:41,04:50,21123.6,07:33,10:23,16:52,15:42,02:09,0.31,5,04:30,+27:42,D,D
2026-03-24,Tue,09:19,22:57,23:33,23:51,00:10,09:29,09:48,10:06,10:42,04:50,21124.6,07:36,10:27,16:57,16:51,03:09,0.42,6,05:34,+28:54,G,D
2026-03-25,Wed,09:21,22:56,23:32,23:50,00:09,09:30,09:48,10:07,10:42,04:50,21125.6,07:39,10:31,17:02,17:53,04:14,0.54,7,06:39,+28:14,G,D
2026-03-26,Thu,09:22,22:55,23:30,23:49,00:08,09:30,09:49,10:07,10:43,04:49,21126.6,07:42,10:35,17:06,18:48,05:21,0.65,8,07:40,+25:48,G,D
2026-03-27,Fri,09:25,22:54,23:29,23:48,00:06,09:31,09:49,10:08,10:44,04:49,21127.6,07:44,10:38,17:11,19:34,06:28,0.75,9,08:38,+21:54,B,G
2026-03-28,Sat,09:26,22:53,23:28,23:46,00:05,09:31,09:50,10:09,10:44,04:48,21128.6,07:47,10:42,17:14,20:13,07:33,0.84,10,09:32,+16:54,B,G
2026-03-29,Sun,09:28,22:51,23:27,23:45,00:04,09:32,09:51,10:09,10:45,04:48,21129.6,07:50,10:46,17:19,20:47,08:34,0.91,11,10:23,+11:10,B,B
2026-03-30,Mon,09:30,22:50,23:26,23:44,00:03,09:33,09:51,10:10,10:45,04:48,21130.6,07:53,10:50,17:24,21:17,09:34,0.96,12,11:11,+05:02,B,B
2026-03-31,Tue,09:32,22:49,23:24,23:43,00:01,09:33,09:52,10:10,10:46,04:47,21131.6,07:55,10:54,17:28,21:45,10:32,0.99,13,11:57,-01:10,B,B
2026-04-01,Wed,09:34,22:48,23:23,23:42,00:00,09:34,09:52,10:11,10:47,04:47,21132.6,07:58,10:58,17:33,22:12,11:29,1.0,14,12:42,-07:13,B,B
2026-04-02,Thu,09:36,22:47,23:22,23:40,23:59,09:35,09:53,10:12,10:47,04:47,21133.6,08:01,11:02,17:38,22:41,12:27,0.99,14,13:29,-12:50,B,B
2026-04-03,Fri,09:37,22:45,23:21,23:39,23:58,09:35,09:54,10:12,10:48,04:47,21134.6,08:04,11:06,17:42,23:11,13:25,0.96,13,14:16,-17:50,B,B
2026-04-04,Sat,09:39,22:44,23:20,23:38,23:57,09:36,09:54,10:13,10:48,04:47,21135.6,08:06,11:10,17:47,23:44,14:24,0.91,12,15:05,-22:00,B,B
2026-04-05,Sun,09:41,22:43,23:18,23:37,23:55,09:36,09:55,10:13,10:49,04:46,21136.7,08:08,12:14,17:51,00:22,15:21,0.85,11,15:57,-25:20,B,B
2026-04-06,Mon,09:43,22:42,23:17,23:36,23:54,09:37,09:55,10:14,10:49,04:46,21137.7,08:11,12:18,17:56,01:04, ... ,0.77,10,16:50,-27:17,G,B
2026-04-07,Tue,09:44,22:41,23:16,23:35,23:53,09:37,09:56,10:14,10:50,04:45,21138.7,08:14,12:22,18:00,01:53,16:17,0.69,9,17:44,-27:57,G,G
2026-04-08,Wed,09:46,22:40,23:15,23:34,23:52,09:38,09:57,10:15,10:51,04:45,21139.7,08:17,12:26,18:05,02:46,17:08,0.6,8,18:37,-27:17,G,G
2026-04-09,Thu,09:48,22:38,23:14,23:32,23:51,09:39,09:57,10:16,10:51,04:45,21140.7,08:20,12:30,18:10,03:43,17:55,0.5,7,19:30,-25:20,D,G
2026-04-10,Fri,09:49,22:37,23:13,23:31,23:50,09:39,09:58,10:16,10:52,04:45,21141.7,08:23,12:34,18:14,04:43,18:36,0.41,6,20:22,-22:11,D,G
2026-04-11,Sat,09:51,22:36,23:12,23:30,23:49,09:40,09:58,10:17,10:52,04:45,21142.7,08:26,12:38,18:19,05:43,19:13,0.31,5,21:12,-17:57,D,G
2026-04-12,Sun,09:52,22:35,23:11,23:29,23:48,09:40,09:59,10:17,10:53,04:44,21143.7,08:29,12:42,18:23,06:44,19:46,0.22,4,22:00,-12:50,D,G
2026-04-13,Mon,09:54,22:34,23:10,23:28,23:47,09:41,09:59,10:18,10:54,04:44,21144.7,08:32,12:46,18:28,07:46,20:17,0.14,3,22:48,-06:60,D,D
2026-04-14,Tue,09:55,22:33,23:09,23:27,23:46,09:41,10:00,10:18,10:54,04:44,21145.7,08:35,12:50,18:32,08:49,20:47,0.07,2,23:36,+00:40,D,D
2026-04-15,Wed,09:57,22:32,23:08,23:26,23:45,09:42,10:00,10:19,10:55,04:44,21146.7,08:38,12:54,18:36,09:53,21:18,0.02,1,00:25,+05:53,D,D
2026-04-16,Thu,09:58,22:31,23:06,23:25,23:44,09:42,10:01,10:20,10:55,04:43,21147.7,08:41,12:57,18:40,11:01,21:50,0.0,0,01:17,+12:20,D,D
2026-04-17,Fri,10:00,22:30,23:05,23:24,23:43,09:43,10:02,10:20,10:56,04:43,21148.7,08:44,13:01,18:45,12:12,22:27,0.01,1,02:12,+18:15,D,D
2026-04-18,Sat,10:02,22:29,23:04,23:23,23:42,09:44,10:02,10:21,10:57,04:43,21149.7,08:47,13:05,18:50,13:25,23:10,0.04,2,03:11,+23:11,D,D
2026-04-19,Sun,10:03,22:28,23:03,23:22,23:41,09:44,10:03,10:21,10:57,04:43,21150.7,08:50,13:09,18:54,14:37,00:00,0.1,3,04:14,+26:40,D,D
2026-04-20,Mon,10:05,22:27,23:02,23:21,23:40,09:45,10:03,10:22,10:58,04:43,21151.7,08:53,13:13,18:59,15:45,00:59,0.19,4,05:19,+28:21,D,D
2026-04-21,Tue,10:06,22:26,23:02,23:20,23:39,09:45,10:04,10:22,10:59,04:42,21152.7,08:55,13:17,19:03, ... ,02:05,0.29,5,06:24,+28:05,D,D
2026-04-22,Wed,10:08,22:25,23:01,23:19,23:38,09:46,10:04,10:23,10:59,04:42,21153.7,08:58,13:21,19:08,16:43,03:13,0.4,6,07:27,+25:59,G,D
2026-04-23,Thu,10:09,22:24,23:00,23:18,23:37,09:46,10:05,10:24,11:00,04:42,21154.7,09:01,13:25,19:12,17:33,04:21,0.51,7,08:26,+22:22,G,D
2026-04-24,Fri,10:11,22:23,22:59,23:17,23:36,09:47,10:05,10:24,11:00,04:42,21155.7,09:04,13:29,19:17,18:14,05:27,0.62,8,09:21,+17:36,G,D
2026-04-25,Sat,10:12,22:22,22:58,23:17,23:35,09:47,10:06,10:25,11:01,04:41,21156.7,09:07,13:33,19:21,18:49,06:29,0.72,9,10:11,+12:05,B,G
2026-04-26,Sun,10:14,22:21,22:57,23:16,23:34,09:48,10:07,10:25,11:02,04:41,21157.7,09:10,13:37,19:26,19:20,07:28,0.81,10,10:59,+06:09,B,G
2026-04-27,Mon,10:15,22:20,22:56,23:15,23:33,09:48,10:07,10:26,11:02,04:41,21158.7,09:13,13:41,19:30,19:48,08:25,0.88,11,11:45,+00:04,B,G
2026-04-28,Tue,10:16,22:19,22:55,23:14,23:33,09:49,10:08,10:26,11:03,04:41,21159.7,09:17,13:45,19:35,20:15,09:22,0.94,12,12:30,-05:55,B,B
2026-04-29,Wed,10:17,22:18,22:54,23:13,23:32,09:49,10:08,10:27,11:03,04:41,21160.7,09:20,13:49,19:39,20:43,10:19,0.98,13,13:15,-11:35,B,B
2026-04-30,Thu,10:19,22:17,22:54,23:12,23:31,09:50,10:09,10:28,11:04,04:41,21161.7,09:23,13:53,19:44,21:12,11:16,1.0,14,14:02,-16:43,B,B
2026-05-01,Fri,10:21,22:16,22:53,23:12,23:30,09:51,10:09,10:28,11:05,04:41,21162.7,09:26,13:57,19:49,21:44,12:14,1.0,15,14:50,-21:06,B,B
2026-05-02,Sat,10:21,22:15,22:52,23:11,23:30,09:51,10:10,10:29,11:05,04:41,21163.7,09:30,14:01,19:53,22:20,13:13,0.98,14,15:41,-24:32,B,B
2026-05-03,Sun,10:23,22:15,22:51,23:10,23:29,09:52,10:10,10:29,11:06,04:41,21164.7,09:33,14:04,19:57,23:01,14:09,0.94,13,16:34,-26:50,B,B
2026-05-04,Mon,10:24,22:14,22:50,23:09,23:28,09:52,10:11,10:30,11:07,04:40,21165.7,09:36,14:08,20:01,23:47,15:02,0.89,12,17:27,-27:52,B,B
2026-05-05,Tue,10:26,22:13,22:50,23:09,23:27,09:53,10:11,10:30,11:07,04:40,21166.7,09:39,14:12,20:06,00:39,15:50,0.83,11,18:21,-27:35,G,B
2026-05-06,Wed,10:26,22:12,22:49,23:08,23:27,09:53,10:12,10:31,11:08,04:40,21167.7,09:43,14:16,20:10,01:35, ... ,0.75,10,19:14,-25:60,G,B
2026-05-07,Thu,10:28,22:11,22:48,23:07,23:26,09:54,10:12,10:31,11:08,04:40,21168.7,09:46,14:20,20:15,02:33,16:33,0.67,9,20:06,-23:13,G,G
2026-05-08,Fri,10:29,22:11,22:48,23:07,23:25,09:54,10:13,10:32,11:09,04:40,21169.7,09:48,14:24,20:19,03:32,17:10,0.57,8,20:56,-19:21,D,G
2026-05-09,Sat,10:30,22:10,22:47,23:06,23:25,09:55,10:14,10:33,11:10,04:40,21170.7,09:52,14:28,20:24,04:31,17:44,0.47,7,21:44,-14:36,D,G
2026-05-10,Sun,10:31,22:09,22:46,23:05,23:24,09:55,10:14,10:33,11:10,04:40,21171.7,09:55,14:32,20:28,05:30,18:15,0.37,6,22:31,-09:07,D,G
2026-05-11,Mon,10:32,22:09,22:46,23:05,23:24,09:56,10:15,10:34,11:11,04:40,21172.7,09:59,14:36,20:33,06:31,18:45,0.27,5,23:18,-03:05,D,G
2026-05-12,Tue,10:33,22:08,22:45,23:04,23:23,09:56,10:15,10:34,11:12,04:40,21173.7,10:02,14:40,20:37,07:33,19:14,0.18,4,00:05,+03:16,D,D
2026-05-13,Wed,10:34,22:07,22:45,23:04,23:23,09:57,10:16,10:35,11:12,04:40,21174.7,10:06,14:44,20:42,08:38,19:45,0.1,3,00:55,+09:40,D,D
2026-05-14,Thu,10:35,22:07,22:44,23:03,23:22,09:57,10:16,10:35,11:13,04:40,21175.7,10:09,14:48,20:46,09:47,20:19,0.04,2,01:49,+15:47,D,D
2026-05-15,Fri,10:36,22:06,22:44,23:03,23:22,09:58,10:17,10:36,11:13,04:40,21176.7,10:13,14:52,20:51,11:00,20:59,0.01,1,02:46,+21:08,D,D
2026-05-16,Sat,10:37,22:06,22:43,23:02,23:21,09:58,10:17,10:37,11:14,04:40,21177.7,10:16,14:56,20:55,12:14,21:46,0.0,0,03:49,+25:16,D,D
2026-05-17,Sun,10:38,22:05,22:43,23:02,23:21,09:59,10:18,10:37,11:15,04:40,21178.7,10:20,15:00,21:00,13:27,22:43,0.03,1,04:55,+27:40,D,D
2026-05-18,Mon,10:39,22:05,22:42,23:01,23:20,09:59,10:18,10:38,11:15,04:40,21179.7,10:23,15:04,21:04,14:31,23:48,0.08,2,06:02,+28:05,D,D
2026-05-19,Tue,10:40,22:04,22:42,23:01,23:20,10:00,10:19,10:38,11:16,04:40,21180.7,10:27,15:08,21:09,15:26,00:58,0.16,3,07:08,+26:29,D,D
2026-05-20,Wed,10:40,22:04,22:41,23:00,23:20,10:00,10:19,10:39,11:16,04:40,21181.7,10:31,15:12,21:12, ... ,02:09,0.26,4,08:09,+23:11,D,D
2026-05-21,Thu,10:42,22:03,22:41,23:00,23:19,10:01,10:20,10:39,11:17,04:40,21182.7,10:34,15:15,21:17,16:12,03:17,0.36,5,09:06,+18:37,G,D
2026-05-22,Fri,10:42,22:03,22:40,23:00,23:19,10:01,10:20,10:40,11:18,04:40,21183.7,10:38,15:19,21:21,16:50,04:22,0.47,6,09:58,+13:12,G,D
2026-05-23,Sat,10:43,22:02,22:40,22:59,23:19,10:02,10:21,10:40,11:18,04:41,21184.7,10:42,15:23,21:26,17:22,05:23,0.58,7,10:47,+07:19,G,D
2026-05-24,Sun,10:44,22:02,22:40,22:59,23:18,10:02,10:21,10:41,11:19,04:40,21185.7,10:45,15:27,21:30,17:51,06:21,0.68,8,11:33,+01:16,G,G
2026-05-25,Mon,10:45,22:02,22:39,22:59,23:18,10:03,10:22,10:41,11:19,04:41,21186.7,10:48,15:31,21:35,18:19,07:17,0.77,9,12:18,-04:42,B,G
2026-05-26,Tue,10:45,22:01,22:39,22:59,23:18,10:03,10:22,10:42,11:20,04:41,21187.7,10:52,15:35,21:39,18:46,08:14,0.84,10,13:03,-10:23,B,G
2026-05-27,Wed,10:46,22:01,22:39,22:58,23:18,10:04,10:23,10:42,11:20,04:41,21188.7,10:56,15:39,21:44,19:15,09:10,0.91,11,13:49,-15:35,B,B
2026-05-28,Thu,10:47,22:01,22:39,22:58,23:17,10:04,10:23,10:43,11:21,04:41,21189.7,10:59,15:43,21:48,19:46,10:08,0.95,12,14:36,-20:07,B,B
2026-05-29,Fri,10:48,22:00,22:38,22:58,23:17,10:05,10:24,10:43,11:21,04:41,21190.7,11:03,15:47,21:53,20:20,11:06,0.99,13,15:26,-23:46,B,B
2026-05-30,Sat,10:48,22:00,22:38,22:58,23:17,10:05,10:24,10:44,11:22,04:41,21191.7,11:07,15:51,21:57,20:59,12:03,1.0,14,16:18,-26:21,B,B
2026-05-31,Sun,10:48,22:00,22:38,22:58,23:17,10:05,10:25,10:44,11:22,04:41,21192.7,11:11,15:55,22:01,21:44,12:57,0.99,14,17:12,-27:43,B,B
2026-06-01,Mon,10:49,22:00,22:38,22:57,23:17,10:06,10:25,10:45,11:23,04:42,21193.7,11:15,15:59,22:06,22:34,13:47,0.97,13,18:06,-27:46,B,B
2026-06-02,Tue,10:49,21:59,22:38,22:57,23:17,10:06,10:26,10:45,11:23,04:42,21194.7,11:19,16:03,22:10,23:29,14:31,0.93,12,18:60,-26:29,B,B
2026-06-03,Wed,10:51,21:59,22:38,22:57,23:16,10:07,10:26,10:46,11:24,04:42,21195.7,11:22,16:07,22:15,00:26,15:10,0.87,11,19:52,-23:59,G,B
2026-06-04,Thu,10:51,21:59,22:37,22:57,23:16,10:07,10:26,10:46,11:24,04:42,21196.7,11:26,16:11,22:19,01:24,15:44,0.8,10,20:42,-20:23,G,B
2026-06-05,Fri,10:51,21:59,22:37,22:57,23:16,10:07,10:27,10:46,11:25,04:42,21197.7,11:30,16:15,22:23,02:23, ... ,0.72,9,21:30,-15:52,G,B
2026-06-06,Sat,10:52,21:59,22:37,22:57,23:16,10:08,10:27,10:47,11:25,04:42,21198.7,11:34,16:19,22:28,03:21,16:16,0.63,8,22:17,-10:38,G,G
2026-06-07,Sun,10:52,21:59,22:37,22:57,23:16,10:08,10:28,10:47,11:26,04:42,21199.7,11:38,16:22,22:31,04:19,16:45,0.53,7,23:03,-04:52,D,G
2026-06-08,Mon,10:53,21:59,22:37,22:57,23:16,10:09,10:28,10:48,11:26,04:43,21200.7,11:42,16:26,22:36,05:18,17:13,0.42,6,23:49,+01:15,D,G
2026-06-09,Tue,10:53,21:59,22:37,22:57,23:16,10:09,10:28,10:48,11:27,04:43,21201.7,11:46,16:30,22:40,06:20,17:42,0.32,5,00:37,+07:29,D,G
2026-06-10,Wed,10:53,21:59,22:37,22:57,23:16,10:09,10:29,10:48,11:27,04:43,21202.7,11:50,16:34,22:44,07:25,18:14,0.22,4,01:28,+13:34,D,D
2026-06-11,Thu,10:54,21:59,22:37,22:57,23:16,10:10,10:29,10:49,11:27,04:43,21203.7,11:53,16:38,22:49,08:34,18:50,0.13,3,02:22,+19:07,D,D
2026-06-12,Fri,10:53,21:59,22:37,22:57,23:17,10:10,10:29,10:49,11:28,04:44,21204.7,11:58,16:42,22:53,09:47,19:32,0.06,2,03:22,+23:42,D,D
2026-06-13,Sat,10:53,21:59,22:38,22:57,23:17,10:10,10:30,10:49,11:28,04:44,21205.7,12:02,16:46,22:57,11:01,20:24,0.02,1,04:26,+26:48,D,D
2026-06-14,Sun,10:54,21:59,22:38,22:57,23:17,10:11,10:30,10:50,11:28,04:44,21206.7,12:06,16:50,23:02,12:11,21:25,0.0,0,05:34,+28:01,D,D
2026-06-15,Mon,10:54,21:59,22:38,22:57,23:17,10:11,10:30,10:50,11:29,04:44,21207.7,12:10,16:54,23:06,13:12,22:34,0.02,1,06:41,+27:09,D,D
2026-06-16,Tue,10:54,21:59,22:38,22:58,23:17,10:11,10:31,10:50,11:29,04:44,21208.7,12:14,16:58,23:10,14:03,23:47,0.06,2,07:46,+24:23,D,D
2026-06-17,Wed,10:55,21:59,22:38,22:58,23:17,10:12,10:31,10:51,11:29,04:45,21209.7,12:18,17:02,23:15,14:46,01:00,0.13,3,08:46,+20:05,D,D
2026-06-18,Thu,10:55,22:00,22:38,22:58,23:17,10:12,10:31,10:51,11:30,04:45,21210.7,12:22,17:06,23:19,15:21,02:08,0.22,4,09:41,+14:45,D,D
2026-06-19,Fri,10:54,22:00,22:38,22:58,23:18,10:12,10:31,10:51,11:30,04:45,21211.7,12:27,17:10,23:23,15:53,03:12,0.32,5,10:32,+08:51,G,D
2026-06-20,Sat,10:54,22:00,22:39,22:58,23:18,10:12,10:32,10:51,11:30,04:45,21212.7,12:31,17:14,23:27, ... ,04:13,0.42,6,11:19,+02:43,G,D
2026-06-21,Sun,10:54,22:00,22:39,22:59,23:18,10:12,10:32,10:52,11:30,04:45,21213.7,12:35,17:18,23:31,16:21,05:11,0.53,7,12:05,-03:22,G,D
2026-06-22,Mon,10:55,22:00,22:39,22:59,23:18,10:13,10:32,10:52,11:30,04:46,21214.7,12:39,17:22,23:36,16:49,06:08,0.63,8,12:50,-09:09,G,G
2026-06-23,Tue,10:55,22:01,22:39,22:59,23:18,10:13,10:32,10:52,11:31,04:46,21215.7,12:43,17:26,23:40,17:17,07:05,0.72,9,13:36,-14:29,B,G
2026-06-24,Wed,10:54,22:01,22:40,22:59,23:19,10:13,10:32,10:52,11:31,04:46,21216.7,12:48,17:30,23:44,17:47,08:02,0.8,10,14:23,-19:10,B,G
2026-06-25,Thu,10:54,22:01,22:40,23:00,23:19,10:13,10:33,10:52,11:31,04:46,21217.7,12:52,17:33,23:47,18:21,09:00,0.87,11,15:12,-23:02,B,G
2026-06-26,Fri,10:54,22:02,22:40,23:00,23:19,10:13,10:33,10:52,11:31,04:46,21218.7,12:56,17:37,23:51,18:58,09:57,0.93,12,16:03,-25:52,B,B
2026-06-27,Sat,10:53,22:02,22:40,23:00,23:20,10:13,10:33,10:52,11:31,04:47,21219.7,13:01,17:41,23:55,19:41,10:52,0.97,13,16:57,-27:32,B,B
2026-06-28,Sun,10:53,22:02,22:41,23:00,23:20,10:13,10:33,10:53,11:31,04:47,21220.7,13:05,17:45,23:59,20:30,11:43,0.99,14,17:51,-27:55,B,B
2026-06-29,Mon,10:54,22:03,22:41,23:01,23:20,10:14,10:33,10:53,11:31,04:47,21221.7,13:08,17:49,00:04,21:23,12:30,1.0,14,18:45,-26:57,B,B
2026-06-30,Tue,10:53,22:03,22:41,23:01,23:21,10:14,10:33,10:53,11:31,04:48,21222.7,13:13,17:53,00:08,22:20,13:10,0.99,13,19:38,-24:42,B,B
2026-07-01,Wed,10:53,22:03,22:42,23:01,23:21,10:14,10:33,10:53,11:31,04:48,21223.7,13:17,17:57,00:12,23:19,13:46,0.96,12,20:29,-21:18,B,B
2026-07-02,Thu,10:53,22:04,22:42,23:02,23:21,10:14,10:33,10:53,11:31,04:48,21224.7,13:21,18:01,00:16,00:17,14:18,0.91,11,21:18,-16:57,B,B
2026-07-03,Fri,10:52,22:04,22:43,23:02,23:22,10:14,10:33,10:53,11:31,04:48,21225.7,13:26,18:05,00:20,01:15,14:47,0.85,10,22:05,-11:51,G,B
2026-07-04,Sat,10:52,22:04,22:43,23:03,23:22,10:14,10:33,10:53,11:31,04:48,21226.7,13:30,18:09,00:24,02:13,15:16,0.77,9,22:51,-06:12,G,B
2026-07-05,Sun,10:52,22:05,22:43,23:03,23:22,10:14,10:33,10:53,11:31,04:48,21227.7,13:34,18:13,00:28,03:11,15:44,0.67,8,23:37,+00:12,G,G
2026-07-06,Mon,10:51,22:05,22:44,23:03,23:23,10:14,10:33,10:52,11:31,04:49,21228.7,13:39,18:17,00:32,04:10, ... ,0.57,7,00:23,+05:56,D,G
2026-07-07,Tue,10:50,22:06,22:44,23:04,23:23,10:13,10:33,10:52,11:31,04:48,21229.7,13:43,18:21,00:35,05:11,16:13,0.46,6,01:12,+11:57,D,G
2026-07-08,Wed,10:50,22:06,22:45,23:04,23:23,10:13,10:33,10:52,11:31,04:48,21230.7,13:47,18:25,00:39,06:17,16:46,0.35,5,02:04,+17:33,D,G
2026-07-09,Thu,10:49,22:07,22:45,23:05,23:24,10:13,10:33,10:52,11:30,04:49,21231.7,13:52,18:29,00:43,07:26,17:24,0.25,4,03:00,+22:22,D,D
2026-07-10,Fri,10:49,22:07,22:45,23:05,23:24,10:13,10:32,10:52,11:30,04:49,21232.7,13:56,18:33,00:47,08:38,18:10,0.15,3,04:01,+25:56,D,D
2026-07-11,Sat,10:48,22:08,22:46,23:05,23:25,10:13,10:32,10:52,11:30,04:49,21233.7,14:01,18:37,00:51,09:48,19:05,0.08,2,05:07,+27:50,D,D
2026-07-12,Sun,10:48,22:08,22:46,23:06,23:25,10:13,10:32,10:51,11:30,04:49,21234.7,14:05,18:40,00:54,10:54,20:10,0.02,1,06:14,+27:47,D,D
2026-07-13,Mon,10:47,22:09,22:47,23:06,23:26,10:13,10:32,10:51,11:29,04:50,21235.7,14:10,18:44,00:58,11:50,21:21,0.0,0,07:20,+25:44,D,D
2026-07-14,Tue,10:46,22:09,22:47,23:07,23:26,10:12,10:32,10:51,11:29,04:49,21236.7,14:14,18:48,01:01,12:37,22:35,0.01,1,08:22,+21:56,D,D
2026-07-15,Wed,10:46,22:10,22:48,23:07,23:26,10:12,10:31,10:51,11:29,04:49,21237.7,14:18,18:52,01:05,13:16,23:47,0.04,2,09:20,+16:52,D,D
2026-07-16,Thu,10:45,22:10,22:48,23:08,23:27,10:12,10:31,10:50,11:28,04:50,21238.7,14:22,18:56,01:09,13:50,00:55,0.1,3,10:13,+10:60,D,D
2026-07-17,Fri,10:45,22:11,22:49,23:08,23:27,10:12,10:31,10:50,11:28,04:50,21239.7,14:26,19:00,01:13,14:21,01:59,0.18,4,11:02,+04:46,D,D
2026-07-18,Sat,10:43,22:11,22:49,23:09,23:28,10:11,10:30,10:50,11:28,04:50,21240.7,14:31,19:04,01:16,14:50,03:00,0.27,5,11:50,-01:30,G,D
2026-07-19,Sun,10:43,22:12,22:50,23:09,23:28,10:11,10:30,10:49,11:27,04:50,21241.7,14:35,19:08,01:20,15:18,03:58,0.37,6,12:36,-07:31,G,D
2026-07-20,Mon,10:42,22:12,22:50,23:10,23:29,10:11,10:30,10:49,11:27,04:50,21242.7,14:40,19:12,01:24,15:48,04:57,0.47,7,13:22,-13:05,G,D
2026-07-21,Tue,10:41,22:13,22:51,23:10,23:29,10:10,10:29,10:49,11:26,04:50,21243.7,14:44,19:16,01:27, ... ,05:55,0.57,8,14:09,-18:00,G,D
2026-07-22,Wed,10:40,22:14,22:51,23:10,23:30,10:10,10:29,10:48,11:26,04:50,21244.7,14:49,19:20,01:31,16:21,06:53,0.66,9,14:57,-22:07,G,G
2026-07-23,Thu,10:39,22:14,22:52,23:11,23:30,10:09,10:28,10:48,11:25,04:50,21245.7,14:53,19:24,01:34,16:57,07:51,0.75,10,15:48,-25:15,B,G
2026-07-24,Fri,10:38,22:15,22:52,23:11,23:31,10:09,10:28,10:47,11:25,04:50,21246.7,14:58,19:28,01:38,17:38,08:47,0.83,11,16:41,-27:15,B,G
2026-07-25,Sat,10:37,22:15,22:53,23:12,23:31,10:08,10:27,10:47,11:24,04:50,21247.7,15:02,19:32,01:41,18:25,09:39,0.89,12,17:35,-27:58,B,B
2026-07-26,Sun,10:37,22:16,22:53,23:12,23:31,10:08,10:27,10:46,11:24,04:50,21248.7,15:06,19:36,01:45,19:17,10:27,0.94,13,18:29,-27:22,B,B
2026-07-27,Mon,10:35,22:16,22:54,23:13,23:32,10:07,10:26,10:46,11:23,04:50,21249.7,15:11,19:40,01:48,20:13,11:10,0.98,14,19:23,-25:27,B,B
2026-07-28,Tue,10:35,22:17,22:54,23:13,23:32,10:07,10:26,10:45,11:22,04:50,21250.7,15:15,19:44,01:52,21:12,11:47,1.0,15,20:15,-22:19,B,B
2026-07-29,Wed,10:33,22:18,22:55,23:14,23:33,10:06,10:25,10:44,11:22,04:50,21251.7,15:20,19:47,01:54,22:11,12:20,1.0,14,21:05,-18:09,B,B
2026-07-30,Thu,10:33,22:18,22:55,23:14,23:33,10:06,10:25,10:44,11:21,04:50,21252.7,15:24,19:51,01:58,23:10,12:51,0.98,13,21:53,-13:08,B,B
2026-07-31,Fri,10:31,22:19,22:56,23:15,23:34,10:05,10:24,10:43,11:20,04:50,21253.7,15:29,19:55,02:01,00:08,13:19,0.94,12,22:39,-07:30,B,B
2026-08-01,Sat,10:31,22:19,22:56,23:15,23:34,10:05,10:24,10:43,11:20,04:50,21254.7,15:33,19:59,02:05,01:06,13:47,0.88,11,23:25,-01:30,G,B
2026-08-02,Sun,10:29,22:20,22:57,23:16,23:35,10:04,10:23,10:42,11:19,04:50,21255.7,15:38,20:03,02:08,02:04,14:16,0.8,10,00:12,+04:40,G,B
2026-08-03,Mon,10:28,22:20,22:57,23:16,23:35,10:03,10:22,10:41,11:18,04:49,21256.7,15:41,20:07,02:11,03:04,14:47,0.71,9,00:59,+10:44,G,B
2026-08-04,Tue,10:27,22:21,22:58,23:17,23:36,10:03,10:22,10:40,11:17,04:50,21257.7,15:46,20:11,02:15,04:07,15:23,0.6,8,01:50,+16:25,D,G
2026-08-05,Wed,10:26,22:22,22:58,23:17,23:36,10:02,10:21,10:40,11:17,04:49,21258.7,15:50,20:15,02:18,05:14, ... ,0.49,7,02:44,+21:22,D,G
2026-08-06,Thu,10:24,22:22,22:59,23:18,23:37,10:01,10:20,10:39,11:16,04:49,21259.7,15:55,20:19,02:21,06:22,16:04,0.38,6,03:43,+25:14,D,G
2026-08-07,Fri,10:24,22:23,22:59,23:18,23:37,10:01,10:19,10:38,11:15,04:49,21260.7,15:59,20:23,02:25,07:32,16:54,0.27,5,04:45,+27:37,D,D
2026-08-08,Sat,10:22,22:23,23:00,23:19,23:38,10:00,10:19,10:37,11:14,04:49,21261.7,16:04,20:27,02:28,08:37,17:52,0.17,4,05:50,+28:11,D,D
2026-08-09,Sun,10:21,22:24,23:00,23:19,23:38,09:59,10:18,10:37,11:13,04:49,21262.7,16:08,20:31,02:31,09:36,18:59,0.09,3,06:56,+26:51,D,D
2026-08-10,Mon,10:19,22:24,23:01,23:20,23:39,09:58,10:17,10:36,11:12,04:49,21263.7,16:13,20:35,02:34,10:27,20:11,0.04,2,07:58,+23:42,D,D
2026-08-11,Tue,10:18,22:25,23:01,23:20,23:39,09:57,10:16,10:35,11:11,04:48,21264.7,16:17,20:39,02:37,11:09,21:23,0.0,1,08:57,+19:06,D,D
2026-08-12,Wed,10:18,22:26,23:02,23:21,23:39,09:57,10:15,10:34,11:10,04:48,21265.7,16:21,20:43,02:41,11:46,22:33,0.0,0,09:52,+13:29,D,D
2026-08-13,Thu,10:16,22:26,23:02,23:21,23:40,09:56,10:14,10:33,11:10,04:48,21266.7,16:26,20:47,02:44,12:18,23:40,0.03,1,10:43,+07:18,D,D
2026-08-14,Fri,10:15,22:27,23:03,23:22,23:40,09:55,10:14,10:32,11:09,04:48,21267.7,16:30,20:51,02:47,12:48,00:43,0.08,2,11:32,+00:55,D,D
2026-08-15,Sat,10:13,22:27,23:04,23:22,23:41,09:54,10:13,10:31,11:08,04:48,21268.7,16:35,20:55,02:49,13:17,01:44,0.14,3,12:19,-05:19,D,D
2026-08-16,Sun,10:12,22:28,23:04,23:23,23:41,09:53,10:12,10:30,11:07,04:47,21269.7,16:39,20:58,02:52,13:47,02:44,0.22,4,13:05,-11:10,G,D
2026-08-17,Mon,10:10,22:28,23:05,23:23,23:42,09:52,10:11,10:30,11:06,04:47,21270.7,16:44,21:02,02:55,14:19,03:43,0.31,5,13:53,-16:24,G,D
2026-08-18,Tue,10:09,22:29,23:05,23:24,23:42,09:51,10:10,10:29,11:05,04:47,21271.7,16:48,21:06,02:58,14:54,04:42,0.41,6,14:41,-20:50,G,D
2026-08-19,Wed,10:07,22:29,23:06,23:24,23:43,09:50,10:09,10:28,11:04,04:47,21272.7,16:53,21:10,03:01,15:34,05:41,0.51,7,15:32,-24:19,G,D
2026-08-20,Thu,10:06,22:30,23:06,23:25,23:43,09:49,10:08,10:27,11:03,04:46,21273.7,16:57,21:14,03:04, ... ,06:38,0.6,8,16:24,-26:42,G,G
2026-08-21,Fri,10:04,22:31,23:07,23:25,23:44,09:48,10:07,10:26,11:02,04:46,21274.7,17:01,21:18,03:07,16:19,07:32,0.69,9,17:17,-27:50,G,G
2026-08-22,Sat,10:03,22:31,23:07,23:26,23:44,09:47,10:06,10:25,11:00,04:46,21275.7,17:05,21:22,03:10,17:09,08:22,0.78,10,18:11,-27:39,B,G
2026-08-23,Sun,10:01,22:32,23:08,23:26,23:45,09:46,10:05,10:24,10:59,04:46,21276.7,17:10,21:26,03:13,18:04,09:07,0.85,11,19:05,-26:09,B,B
2026-08-24,Mon,10:00,22:32,23:08,23:27,23:45,09:45,10:04,10:22,10:58,04:45,21277.7,17:14,21:30,03:16,19:02,09:46,0.91,12,19:58,-23:23,B,B
2026-08-25,Tue,09:58,22:33,23:09,23:27,23:46,09:44,10:03,10:21,10:57,04:45,21278.7,17:19,21:34,03:19,20:01,10:21,0.96,13,20:48,-19:31,B,B
2026-08-26,Wed,09:57,22:33,23:09,23:28,23:46,09:43,10:02,10:20,10:56,04:45,21279.7,17:23,21:38,03:22,21:00,10:52,0.99,14,21:37,-14:42,B,B
2026-08-27,Thu,09:55,22:34,23:10,23:28,23:47,09:42,10:01,10:19,10:55,04:45,21280.7,17:28,21:42,03:25,21:59,11:22,1.0,14,22:25,-09:09,B,B
2026-08-28,Fri,09:54,22:34,23:10,23:29,23:47,09:41,10:00,10:18,10:54,04:44,21281.7,17:32,21:46,03:28,22:58,11:50,0.99,13,23:12,-03:07,B,B
2026-08-29,Sat,09:52,22:35,23:11,23:29,23:48,09:40,09:58,10:17,10:53,04:44,21282.7,17:37,21:50,03:31,23:57,12:19,0.96,12,23:59,+03:09,B,B
2026-08-30,Sun,09:51,22:35,23:11,23:30,23:48,09:39,09:57,10:16,10:52,04:44,21283.7,17:41,21:54,03:34,00:58,12:50,0.9,11,00:47,+09:24,G,B
2026-08-31,Mon,09:49,22:36,23:12,23:30,23:49,09:38,09:56,10:15,10:50,04:44,21284.7,17:46,21:58,03:37,02:01,13:24,0.83,10,01:38,+15:17,G,B
2026-09-01,Tue,09:48,22:36,23:12,23:31,23:49,09:37,09:55,10:14,10:49,04:43,21285.7,17:50,22:02,03:39,03:06,14:04,0.74,9,02:31,+20:29,G,B
2026-09-02,Wed,09:45,22:37,23:13,23:31,23:50,09:35,09:54,10:12,10:48,04:43,21286.7,17:55,22:05,03:41,04:14,14:50,0.63,8,03:29,+24:38,D,G
2026-09-03,Thu,09:44,22:38,23:13,23:32,23:50,09:34,09:53,10:11,10:47,04:42,21287.7,17:59,22:09,03:44,05:22,15:45,0.52,7,04:30,+27:21,D,G
2026-09-04,Fri,09:42,22:38,23:14,23:32,23:51,09:33,09:52,10:10,10:46,04:42,21288.7,18:04,22:13,03:47,06:28, ... ,0.41,6,05:34,+28:23,D,G
2026-09-05,Sat,09:41,22:39,23:14,23:33,23:51,09:32,09:50,10:09,10:44,04:42,21289.7,18:08,22:17,03:50,07:27,16:47,0.29,5,06:38,+27:34,D,D
2026-09-06,Sun,09:39,22:39,23:15,23:33,23:52,09:31,09:49,10:08,10:43,04:42,21290.6,18:13,21:21,03:53,08:19,17:55,0.2,4,07:36,+25:04,D,D
2026-09-07,Mon,09:38,22:40,23:15,23:34,23:52,09:30,09:48,10:07,10:42,04:41,21291.6,18:17,21:25,03:56,09:04,19:05,0.11,3,08:35,+21:04,D,D
2026-09-08,Tue,09:35,22:40,23:16,23:34,23:53,09:28,09:47,10:05,10:41,04:41,21292.6,18:21,21:29,03:58,09:42,20:15,0.05,2,09:30,+15:55,D,D
2026-09-09,Wed,09:34,22:41,23:16,23:35,23:53,09:27,09:46,10:04,10:40,04:40,21293.6,18:25,21:33,04:01,10:15,21:21,0.01,1,10:22,+10:01,D,D
2026-09-10,Thu,09:32,22:41,23:17,23:35,23:54,09:26,09:44,10:03,10:38,04:40,21294.6,18:30,21:37,04:04,10:46,22:25,0.0,0,11:11,+03:44,D,D
2026-09-11,Fri,09:31,22:42,23:17,23:36,23:54,09:25,09:43,10:02,10:37,04:40,21295.6,18:34,21:41,04:07,11:16,23:27,0.01,1,11:59,-02:36,D,D
2026-09-12,Sat,09:28,22:42,23:18,23:36,23:55,09:23,09:42,10:00,10:36,04:39,21296.6,18:39,21:45,04:09,11:45,00:28,0.05,2,12:46,-08:40,D,D
2026-09-13,Sun,09:27,22:43,23:18,23:37,23:55,09:22,09:41,09:59,10:35,04:39,21297.6,18:43,21:49,04:12,12:17,01:28,0.1,3,13:33,-14:14,D,D
2026-09-14,Mon,09:25,22:43,23:19,23:37,23:56,09:21,09:39,09:58,10:33,04:39,21298.6,18:48,21:53,04:15,12:51,02:29,0.17,4,14:22,-19:04,D,D
2026-09-15,Tue,09:23,22:44,23:19,23:38,23:57,09:20,09:38,09:57,10:32,04:39,21299.6,18:53,21:57,04:18,13:29,03:28,0.25,5,15:12,-22:59,G,D
2026-09-16,Wed,09:21,22:44,23:20,23:39,23:57,09:18,09:37,09:55,10:31,04:38,21300.6,18:57,22:01,04:20,14:12,04:27,0.34,6,16:04,-25:49,G,D
2026-09-17,Thu,09:19,22:45,23:20,23:39,23:58,09:17,09:36,09:54,10:30,04:38,21301.6,19:02,22:04,04:22, ... ,05:23,0.43,7,16:57,-27:26,G,D
2026-09-18,Fri,09:18,22:46,23:21,23:40,23:58,09:16,09:34,09:53,10:28,04:37,21302.6,19:06,22:08,04:25,15:00,06:15,0.53,8,17:51,-27:45,G,G
2026-09-19,Sat,09:15,22:46,23:22,23:40,23:59,09:14,09:33,09:52,10:27,04:37,21303.6,19:11,22:12,04:27,15:53,07:01,0.62,9,18:45,-26:45,G,G
2026-09-20,Sun,09:13,22:47,23:22,23:41,00:00,09:13,09:32,09:50,10:26,04:37,21304.6,19:16,22:16,04:30,16:50,07:42,0.71,10,19:37,-24:29,B,G
2026-09-21,Mon,09:12,22:47,23:23,23:41,00:00,09:12,09:30,09:49,10:25,04:36,21305.6,19:20,22:20,04:33,17:48,08:19,0.79,11,20:28,-21:04,B,G
2026-09-22,Tue,09:09,22:48,23:23,23:42,00:01,09:10,09:29,09:48,10:23,04:36,21306.6,19:25,22:24,04:35,18:48,08:51,0.87,12,21:18,-16:38,B,B
2026-09-23,Wed,09:08,22:48,23:24,23:43,00:01,09:09,09:28,09:47,10:22,04:35,21307.6,19:29,22:28,04:38,19:47,09:22,0.93,13,22:06,-11:22,B,B
2026-09-24,Thu,09:06,22:49,23:24,23:43,00:02,09:08,09:27,09:45,10:21,04:35,21308.6,19:34,22:32,04:41,20:46,09:51,0.97,14,22:53,-05:28,B,B
2026-09-25,Fri,09:03,22:49,23:25,23:44,00:03,09:06,09:25,09:44,10:20,04:35,21309.6,19:39,22:36,04:43,21:46,10:20,1.0,14,23:41,+00:49,B,B
2026-09-26,Sat,09:02,22:50,23:26,23:44,00:03,09:05,09:24,09:43,10:18,04:34,21310.6,19:42,22:40,04:46,22:47,10:51,1.0,14,00:29,+07:12,B,B
2026-09-27,Sun,09:00,22:51,23:26,23:45,00:04,09:04,09:23,09:41,10:17,04:34,21311.6,19:47,22:44,04:49,23:50,11:24,0.97,12,01:20,+13:23,B,B
2026-09-28,Mon,08:57,22:51,23:27,23:46,00:05,09:02,09:21,09:40,10:16,04:34,21312.6,19:52,22:48,04:51,00:56,12:03,0.93,12,02:14,+18:58,B,B
2026-09-29,Tue,08:56,22:52,23:27,23:46,00:05,09:01,09:20,09:39,10:15,04:33,21313.6,19:56,22:52,04:54,02:04,12:48,0.86,10,03:12,+23:33,G,B
2026-09-30,Wed,08:54,22:52,23:28,23:47,00:06,09:00,09:19,09:38,10:13,04:33,21314.6,20:01,22:56,04:57,03:14,13:40,0.77,10,04:13,+26:45,G,B
2026-10-01,Thu,08:51,22:53,23:29,23:48,00:07,08:58,09:17,09:36,10:12,04:33,21315.6,20:06,23:00,04:59,04:21,14:41,0.66,8,05:17,+28:15,D,G
2026-10-02,Fri,08:50,22:53,23:29,23:48,00:07,08:57,09:16,09:35,10:11,04:32,21316.6,20:10,23:04,05:02,05:22, ... ,0.55,8,06:21,+27:55,D,G
2026-10-03,Sat,08:48,22:54,23:30,23:49,00:08,08:56,09:15,09:34,10:10,04:32,21317.6,20:15,23:08,05:05,06:16,15:47,0.44,6,07:23,+25:49,D,G
2026-10-04,Sun,08:45,22:55,23:31,23:50,00:09,08:54,09:14,09:33,10:08,04:32,21318.6,20:20,23:11,05:06,07:02,16:56,0.33,6,08:22,+22:12,D,D
2026-10-05,Mon,08:43,22:55,23:31,23:50,00:10,08:53,09:12,09:31,10:07,04:32,21319.6,20:25,23:15,05:09,07:41,18:04,0.23,4,09:17,+17:24,D,D
2026-10-06,Tue,08:42,22:56,23:32,23:51,00:10,08:52,09:11,09:30,10:06,04:31,21320.6,20:29,23:19,05:12,08:15,19:09,0.14,4,10:08,+11:49,D,D
2026-10-07,Wed,08:39,22:57,23:33,23:52,00:11,08:50,09:10,09:29,10:05,04:31,21321.6,20:34,23:23,05:14,08:46,20:13,0.07,2,10:57,+05:45,D,D
2026-10-08,Thu,08:37,22:57,23:33,23:52,00:12,08:49,09:08,09:28,10:04,04:31,21322.6,20:39,23:27,05:17,09:15,21:14,0.03,2,11:44,+00:27,D,D
2026-10-09,Fri,08:35,22:58,23:34,23:53,00:13,08:48,09:07,09:26,10:02,04:31,21323.6,20:44,23:31,05:20,09:45,22:14,0.0,0,12:31,-06:31,D,D
2026-10-10,Sat,08:33,22:58,23:35,23:54,00:13,08:46,09:06,09:25,10:01,04:30,21324.6,20:48,23:35,05:22,10:15,23:14,0.0,0,13:17,-12:12,D,D
2026-10-11,Sun,08:31,22:59,23:35,23:55,00:14,08:45,09:05,09:24,10:00,04:30,21325.6,20:53,23:39,05:25,10:48,00:14,0.02,2,14:05,-17:16,D,D
2026-10-12,Mon,08:29,23:00,23:36,23:55,00:15,08:44,09:03,09:23,09:59,04:30,21326.6,20:58,23:43,05:28,11:25,01:15,0.06,2,14:55,-21:29,D,D
2026-10-13,Tue,08:26,23:00,23:37,23:56,00:16,08:42,09:02,09:21,09:58,04:29,21327.6,21:03,23:47,05:30,12:06,02:15,0.12,4,15:46,-24:41,D,D
2026-10-14,Wed,08:24,23:01,23:38,23:57,00:17,08:41,09:01,09:20,09:57,04:29,21328.6,21:07,23:51,05:33,12:53,03:12,0.19,4,16:39,-26:42,G,D
2026-10-15,Thu,08:22,23:02,23:38,23:58,00:18,08:40,09:00,09:19,09:56,04:29,21329.6,21:12,23:55,05:36,13:44,04:06,0.27,6,17:33,-27:27,G,D
2026-10-16,Fri,08:21,23:02,23:39,23:59,00:18,08:39,08:58,09:18,09:55,04:29,21330.6,21:16,23:59,05:39,14:39,04:54,0.36,6,18:26,-26:53,G,D
2026-10-17,Sat,08:18,23:03,23:40,23:59,00:19,08:37,08:57,09:17,09:53,04:28,21331.6,21:21,00:03,05:41, ... ,05:37,0.45,8,19:18,-25:05,G,D
2026-10-18,Sun,08:16,23:04,23:41,00:00,00:20,08:36,08:56,09:16,09:52,04:28,21332.6,21:26,00:07,05:44,15:36,06:15,0.54,8,20:09,-22:07,G,G
2026-10-19,Mon,08:14,23:05,23:41,00:01,00:21,08:35,08:55,09:14,09:51,04:28,21333.6,21:31,00:11,05:47,16:34,06:49,0.64,10,20:58,-18:07,G,G
2026-10-20,Tue,08:11,23:05,23:42,00:02,00:22,08:33,08:54,09:13,09:50,04:28,21334.6,21:36,00:15,05:48,17:32,07:20,0.73,10,21:46,-13:16,B,G
2026-10-21,Wed,08:09,23:06,23:43,00:03,00:23,08:32,08:52,09:12,09:49,04:28,21335.6,21:41,00:19,05:51,18:31,07:49,0.81,12,22:33,-07:42,B,G
2026-10-22,Thu,08:07,23:07,23:44,00:04,00:24,08:31,08:51,09:11,09:48,04:28,21336.6,21:46,00:22,05:54,19:30,08:18,0.89,12,23:20,-01:37,B,B
2026-10-23,Fri,08:05,23:07,23:45,00:05,00:25,08:30,08:50,09:10,09:47,04:28,21337.6,21:51,00:26,05:57,20:30,08:48,0.95,14,00:08,+04:44,B,B
2026-10-24,Sat,08:03,23:08,23:45,00:05,00:26,08:29,08:49,09:09,09:46,04:28,21338.6,21:56,00:30,06:00,21:32,09:20,0.98,14,00:59,+11:05,B,B
2026-10-25,Sun,08:00,23:09,23:46,00:06,00:27,08:27,08:48,09:08,09:45,04:27,21339.6,22:01,00:34,06:02,22:38,09:57,1.0,14,01:53,+17:02,B,B
2026-10-26,Mon,07:58,23:10,23:47,00:07,00:28,08:26,08:47,09:07,09:44,04:27,21340.6,22:06,00:38,06:05,23:47,10:41,0.99,13,02:51,+22:08,B,B
2026-10-27,Tue,07:56,23:10,23:48,00:08,00:29,08:25,08:46,09:06,09:43,04:27,21341.6,22:11,00:42,06:08,00:59,11:32,0.95,12,03:53,+25:57,B,B
2026-10-28,Wed,07:54,23:11,23:49,00:09,00:30,08:24,08:45,09:05,09:42,04:27,21342.6,22:16,00:46,06:11,02:09,12:32,0.88,11,04:58,+28:02,G,B
2026-10-29,Thu,07:52,23:12,23:50,00:10,00:31,08:23,08:43,09:04,09:41,04:27,21343.6,22:21,00:50,06:14,03:15,13:38,0.8,10,06:05,+28:10,G,B
2026-10-30,Fri,07:50,23:13,23:51,00:11,00:32,08:22,08:42,09:03,09:41,04:27,21344.6,22:26,00:54,06:17,04:12,14:48,0.69,9,07:09,+26:25,D,G
2026-10-31,Sat,07:47,23:14,23:52,00:12,00:33,08:20,08:41,09:02,09:40,04:27,21345.6,22:31,00:58,06:19,05:01, ... ,0.58,8,08:10,+23:03,D,G
2026-11-01,Sun,07:45,23:14,23:52,00:13,00:34,08:19,08:40,09:01,09:39,04:27,21346.6,22:35,01:02,06:22,05:41,15:57,0.47,7,09:06,+18:27,D,G
2026-11-02,Mon,07:43,23:15,23:53,00:14,00:35,08:18,08:39,09:00,09:38,04:27,21347.6,22:40,01:06,06:25,06:17,17:03,0.36,6,09:58,+13:01,D,G
2026-11-03,Tue,07:41,23:16,23:54,00:15,00:36,08:17,08:38,08:59,09:37,04:27,21348.6,22:45,01:10,06:28,06:48,18:06,0.26,5,10:46,+07:07,D,D
2026-11-04,Wed,07:39,23:17,23:55,00:16,00:37,08:16,08:37,08:58,09:36,04:27,21349.6,22:50,01:14,06:31,07:17,19:07,0.17,4,11:33,+01:03,D,D
2026-11-05,Thu,07:37,23:18,23:56,00:17,00:38,08:15,08:37,08:57,09:36,04:27,21350.6,22:55,01:18,06:34,07:46,20:06,0.1,3,12:19,-04:56,D,D
2026-11-06,Fri,07:35,23:19,23:57,00:18,00:39,08:14,08:36,08:56,09:35,04:27,21351.6,23:00,01:22,06:36,08:16,21:05,0.05,2,13:05,-10:37,D,D
2026-11-07,Sat,07:33,23:19,23:58,00:19,00:40,08:13,08:35,08:56,09:34,04:27,21352.6,23:05,01:26,06:39,08:48,22:04,0.02,1,13:52,-15:45,D,D
2026-11-08,Sun,07:30,23:20,23:59,00:20,00:42,08:12,08:34,08:55,09:34,04:27,21353.6,23:11,01:29,06:42,09:23,23:04,0.0,0,14:41,-20:09,D,D
2026-11-09,Mon,07:28,23:21,00:00,00:21,00:43,08:11,08:33,08:54,09:33,04:27,21354.6,23:16,01:33,06:45,10:02,00:03,0.01,1,15:31,-23:36,D,D
2026-11-10,Tue,07:26,23:22,00:01,00:22,00:44,08:10,08:32,08:53,09:32,04:27,21355.6,23:21,01:37,06:48,10:47,01:02,0.03,2,16:23,-25:55,D,D
2026-11-11,Wed,07:24,23:23,00:02,00:23,00:45,08:09,08:31,08:53,09:32,04:27,21356.6,23:26,01:41,06:51,11:37,01:57,0.08,3,17:16,-27:01,D,D
2026-11-12,Thu,07:23,23:24,00:03,00:24,00:46,08:09,08:31,08:52,09:31,04:28,21357.6,23:31,01:45,06:55,12:30,02:48,0.13,4,18:10,-26:49,D,D
2026-11-13,Fri,07:21,23:24,00:04,00:25,00:47,08:08,08:30,08:51,09:31,04:28,21358.6,23:36,01:49,06:58,13:27,03:33,0.2,5,19:02,-25:23,G,D
2026-11-14,Sat,07:19,23:25,00:05,00:26,00:48,08:07,08:29,08:51,09:30,04:28,21359.6,23:41,01:53,07:01,14:24,04:12,0.28,6,19:53,-22:47,G,D
2026-11-15,Sun,07:17,23:26,00:06,00:27,00:49,08:06,08:28,08:50,09:29,04:28,21360.6,23:46,01:57,07:04, ... ,04:47,0.37,7,20:41,-19:11,G,D
2026-11-16,Mon,07:14,23:27,00:07,00:28,00:51,08:05,08:28,08:49,09:29,04:28,21361.6,23:52,02:01,07:07,15:21,05:18,0.47,8,21:28,-14:43,G,D
2026-11-17,Tue,07:13,23:28,00:08,00:29,00:52,08:05,08:27,08:49,09:28,04:29,21362.6,23:57,02:05,07:11,16:18,05:47,0.56,9,22:14,-09:33,G,G
2026-11-18,Wed,07:11,23:29,00:09,00:30,00:53,08:04,08:27,08:48,09:28,04:29,21363.6,00:02,02:09,07:14,17:15,06:15,0.66,10,22:60,-03:49,G,G
2026-11-19,Thu,07:09,23:30,00:10,00:31,00:54,08:03,08:26,08:48,09:28,04:29,21364.6,00:06,02:13,07:17,18:13,06:44,0.76,11,23:46,+02:16,B,G
2026-11-20,Fri,07:08,23:31,00:11,00:32,00:55,08:03,08:25,08:47,09:27,04:29,21365.6,00:11,02:17,07:21,19:12,07:15,0.84,12,00:35,+08:30,B,G
2026-11-21,Sat,07:06,23:31,00:12,00:33,00:56,08:02,08:25,08:47,09:27,04:29,21366.6,00:16,02:21,07:24,20:16,07:49,0.91,13,01:27,+14:34,B,B
2026-11-22,Sun,07:05,23:32,00:12,00:34,00:57,08:02,08:24,08:46,09:27,04:30,21367.6,00:21,02:25,07:27,21:23,08:29,0.97,14,02:23,+20:06,B,B
2026-11-23,Mon,07:03,23:33,00:13,00:35,00:58,08:01,08:24,08:46,09:26,04:30,21368.6,00:26,02:29,07:30,22:34,09:18,0.99,15,03:24,+24:34,B,B
2026-11-24,Tue,07:00,23:34,00:14,00:36,01:00,08:00,08:24,08:46,09:26,04:30,21369.6,00:32,02:33,07:33,23:47,10:15,0.99,14,04:30,+27:27,B,B
2026-11-25,Wed,06:59,23:35,00:15,00:38,01:01,08:00,08:23,08:45,09:26,04:31,21370.6,00:37,02:36,07:37,00:58,11:21,0.97,13,05:39,+28:22,B,B
2026-11-26,Thu,06:58,23:36,00:16,00:39,01:02,08:00,08:23,08:45,09:26,04:31,21371.6,00:42,02:40,07:41,02:01,12:33,0.91,12,06:47,+27:12,G,B
2026-11-27,Fri,06:56,23:37,00:17,00:40,01:03,07:59,08:22,08:45,09:25,04:31,21372.6,00:47,02:44,07:44,02:55,13:45,0.83,11,07:51,+24:10,G,B
2026-11-28,Sat,06:55,23:37,00:18,00:41,01:04,07:59,08:22,08:44,09:25,04:32,21373.6,00:52,02:48,07:48,03:40,14:54,0.73,10,08:51,+19:41,G,B
2026-11-29,Sun,06:53,23:38,00:19,00:41,01:05,07:58,08:22,08:44,09:25,04:32,21374.6,00:57,02:52,07:51,04:17, ... ,0.63,9,09:45,+14:15,D,G
2026-11-30,Mon,06:52,23:39,00:20,00:42,01:06,07:58,08:22,08:44,09:25,04:32,21375.6,01:02,02:56,07:55,04:50,15:59,0.52,8,10:36,+08:19,D,G
2026-12-01,Tue,06:51,23:40,00:21,00:43,01:07,07:58,08:21,08:44,09:25,04:33,21376.6,01:07,03:00,07:59,05:20,17:01,0.41,7,11:23,+02:12,D,G
2026-12-02,Wed,06:50,23:41,00:22,00:44,01:08,07:58,08:21,08:44,09:25,04:33,21377.6,01:12,03:04,08:03,05:49,18:01,0.31,6,12:09,-03:48,D,G
2026-12-03,Thu,06:48,23:42,00:23,00:45,01:09,07:57,08:21,08:44,09:25,04:33,21378.6,01:17,03:08,08:06,06:18,18:59,0.22,5,12:55,-09:30,D,D
2026-12-04,Fri,06:47,23:42,00:24,00:46,01:10,07:57,08:21,08:44,09:25,04:34,21379.6,01:22,03:12,08:10,06:49,19:58,0.14,4,13:42,-14:41,D,D
2026-12-05,Sat,06:46,23:43,00:24,00:47,01:11,07:57,08:21,08:44,09:25,04:34,21380.6,01:27,03:16,08:14,07:23,20:57,0.08,3,14:29,-19:11,D,D
2026-12-06,Sun,06:45,23:44,00:25,00:48,01:12,07:57,08:21,08:44,09:25,04:35,21381.6,01:32,03:20,08:18,08:01,21:56,0.04,2,15:19,-22:47,D,D
2026-12-07,Mon,06:44,23:45,00:26,00:49,01:13,07:57,08:21,08:44,09:25,04:35,21382.6,01:37,03:24,08:22,08:43,22:54,0.01,1,16:10,-25:19,D,D
2026-12-08,Tue,06:43,23:45,00:27,00:50,01:14,07:57,08:21,08:44,09:25,04:36,21383.6,01:41,03:28,08:26,09:31,23:50,0.0,0,17:03,-26:40,D,D
2026-12-09,Wed,06:42,23:46,00:28,00:51,01:15,07:57,08:21,08:44,09:26,04:36,21384.6,01:46,03:32,08:30,10:24,00:43,0.01,1,17:56,-26:46,D,D
2026-12-10,Thu,06:42,23:47,00:28,00:51,01:15,07:57,08:21,08:44,09:26,04:36,21385.6,01:50,03:36,08:33,11:19,01:29,0.04,2,18:48,-25:36,D,D
2026-12-11,Fri,06:41,23:48,00:29,00:52,01:16,07:57,08:21,08:44,09:26,04:37,21386.6,01:55,03:40,08:37,12:16,02:10,0.08,3,19:39,-23:17,D,D
2026-12-12,Sat,06:40,23:48,00:30,00:53,01:17,07:57,08:22,08:45,09:26,04:37,21387.6,02:00,03:44,08:41,13:13,02:46,0.14,4,20:28,-19:57,D,D
2026-12-13,Sun,06:40,23:49,00:31,00:54,01:18,07:58,08:22,08:45,09:27,04:38,21388.6,02:05,03:47,08:46,14:09,03:19,0.21,5,21:15,-15:45,G,D
2026-12-14,Mon,06:39,23:50,00:31,00:54,01:19,07:58,08:22,08:45,09:27,04:39,21389.6,02:10,03:51,08:50, ... ,03:48,0.3,6,21:60,-10:51,G,D
2026-12-15,Tue,06:39,23:50,00:32,00:55,01:19,07:58,08:22,08:45,09:27,04:39,21390.6,02:14,03:55,08:54,15:05,04:15,0.39,7,22:44,-05:26,G,D
2026-12-16,Wed,06:38,23:51,00:33,00:56,01:20,07:58,08:23,08:46,09:28,04:39,21391.6,02:19,03:59,08:58,16:01,04:43,0.49,8,23:29,+00:21,G,D
2026-12-17,Thu,06:38,23:51,00:33,00:56,01:21,07:59,08:23,08:46,09:28,04:40,21392.6,02:24,04:03,09:03,16:58,05:12,0.59,9,00:15,+06:20,G,D
2026-12-18,Fri,06:38,23:52,00:34,00:57,01:21,07:59,08:24,08:47,09:28,04:40,21393.6,02:28,04:07,09:07,17:57,05:43,0.69,10,01:03,+12:17,G,G
2026-12-19,Sat,06:38,23:52,00:34,00:57,01:22,08:00,08:24,08:47,09:29,04:41,21394.6,02:33,04:11,09:12,19:01,06:19,0.79,11,01:56,+17:53,B,G
2026-12-20,Sun,06:38,23:53,00:35,00:58,01:22,08:00,08:24,08:48,09:29,04:41,21395.6,02:37,04:15,09:16,20:08,07:02,0.88,12,02:53,+22:46,B,G
2026-12-21,Mon,06:38,23:54,00:35,00:58,01:23,08:01,08:25,08:48,09:30,04:42,21396.6,02:42,04:19,09:21,21:19,07:54,0.94,13,03:57,+26:24,B,B
2026-12-22,Tue,06:38,23:54,00:36,00:59,01:23,08:01,08:25,08:49,09:30,04:42,21397.6,02:46,04:23,09:25,22:31,08:56,0.98,14,05:05,+28:17,B,B
2026-12-23,Wed,06:38,23:54,00:36,00:59,01:24,08:02,08:26,08:49,09:31,04:43,21398.6,02:51,04:27,09:30,23:40,10:06,1.0,15,06:14,+28:04,B,B
2026-12-24,Thu,06:38,23:55,00:37,01:00,01:24,08:02,08:27,08:50,09:31,04:43,21399.6,02:55,04:31,09:34,00:40,11:21,0.98,14,07:23,+25:44,B,B
2026-12-25,Fri,06:39,23:55,00:37,01:00,01:24,08:03,08:27,08:50,09:32,04:44,21400.6,02:59,04:35,09:39,01:31,12:34,0.94,13,08:27,+21:37,B,B
2026-12-26,Sat,06:39,23:56,00:37,01:00,01:25,08:04,08:28,08:51,09:33,04:45,21401.6,03:03,04:39,09:44,02:13,13:44,0.87,12,09:26,+16:14,G,B
2026-12-27,Sun,06:39,23:56,00:38,01:01,01:25,08:04,08:29,08:52,09:33,04:45,21402.6,03:07,04:43,09:47,02:49,14:50,0.78,11,10:20,+10:09,G,B
2026-12-28,Mon,06:40,23:56,00:38,01:01,01:25,08:05,08:29,08:52,09:34,04:45,21403.6,03:11,04:47,09:52,03:21, ... ,0.68,10,11:10,+03:48,G,G
2026-12-29,Tue,06:40,23:57,00:38,01:01,01:26,08:06,08:30,08:53,09:35,04:46,21404.6,03:16,04:51,09:57,03:51,15:53,0.57,9,11:58,-02:28,G,G
2026-12-30,Wed,06:41,23:57,00:39,01:02,01:26,08:07,08:31,08:54,09:35,04:47,21405.6,03:20,04:54,10:02,04:21,16:53,0.47,8,12:45,-08:23,D,G
2026-12-31,Thu,06:41,23:57,00:39,01:02,01:26,08:07,08:31,08:54,09:36,04:47,21406.6,03:24,04:58,10:06,04:51,17:52,0.37,7,13:31,-13:45,D,G
